id,order_id,date,amount_cents,status,kind
invoice-ord-00001,ord-00001,2025-09-22,149320,issued,management_statement
invoice-ord-00002,ord-00002,2025-09-23,106423,issued,management_statement
invoice-ord-00006,ord-00006,2026-08-15,23059,issued,management_statement
invoice-ord-00008,ord-00008,2026-01-16,44499,issued,management_statement
invoice-ord-00009,ord-00009,2026-02-09,72112,issued,management_statement
invoice-ord-00010,ord-00010,2026-07-14,79119,issued,management_statement
invoice-ord-00012,ord-00012,2026-06-08,22217,issued,management_statement
invoice-ord-00014,ord-00014,2026-09-03,33804,issued,management_statement
invoice-ord-00015,ord-00015,2026-06-28,115163,issued,management_statement
invoice-ord-00016,ord-00016,2026-05-23,17572,issued,management_statement
invoice-ord-00017,ord-00017,2026-07-21,57688,issued,management_statement
invoice-ord-00018,ord-00018,2026-09-13,97121,issued,management_statement
invoice-ord-00019,ord-00019,2026-06-29,54466,issued,management_statement
invoice-ord-00020,ord-00020,2026-06-15,34262,issued,management_statement
invoice-ord-00021,ord-00021,2026-09-12,45526,issued,management_statement
invoice-ord-00022,ord-00022,2026-01-11,60949,issued,management_statement
invoice-ord-00024,ord-00024,2026-08-30,55459,issued,management_statement
invoice-ord-00025,ord-00025,2026-07-27,34401,issued,management_statement
invoice-ord-00027,ord-00027,2026-07-06,17266,issued,management_statement
invoice-ord-00028,ord-00028,2026-01-02,29065,issued,management_statement
invoice-ord-00029,ord-00029,2026-08-20,96768,issued,management_statement
invoice-ord-00030,ord-00030,2026-09-16,33031,issued,management_statement
invoice-ord-00031,ord-00031,2026-06-28,87920,issued,management_statement
invoice-ord-00032,ord-00032,2026-05-15,35814,issued,management_statement
invoice-ord-00034,ord-00034,2026-07-10,11367,issued,management_statement
invoice-ord-00036,ord-00036,2026-05-09,45140,issued,management_statement
invoice-ord-00037,ord-00037,2026-05-12,34524,issued,management_statement
invoice-ord-00038,ord-00038,2026-01-10,20909,issued,management_statement
invoice-ord-00039,ord-00039,2026-09-14,69400,issued,management_statement
invoice-ord-00040,ord-00040,2026-04-26,69309,issued,management_statement
invoice-ord-00041,ord-00041,2026-09-08,107832,issued,management_statement
invoice-ord-00042,ord-00042,2026-05-06,73345,issued,management_statement
invoice-ord-00043,ord-00043,2025-12-10,56108,issued,management_statement
invoice-ord-00045,ord-00045,2026-06-27,22333,issued,management_statement
invoice-ord-00046,ord-00046,2026-07-10,84516,issued,management_statement
invoice-ord-00047,ord-00047,2026-05-04,28823,issued,management_statement
invoice-ord-00048,ord-00048,2026-09-02,87654,issued,management_statement
invoice-ord-00049,ord-00049,2025-12-20,32952,issued,management_statement
invoice-ord-00050,ord-00050,2026-03-24,40798,issued,management_statement
invoice-ord-00051,ord-00051,2026-03-17,10854,issued,management_statement
invoice-ord-00053,ord-00053,2026-02-16,51550,issued,management_statement
invoice-ord-00055,ord-00055,2026-05-15,11343,issued,management_statement
invoice-ord-00057,ord-00057,2026-06-08,11291,issued,management_statement
invoice-ord-00058,ord-00058,2026-05-27,34390,issued,management_statement
invoice-ord-00060,ord-00060,2026-07-01,20656,issued,management_statement
invoice-ord-00061,ord-00061,2026-05-13,77900,issued,management_statement
invoice-ord-00062,ord-00062,2026-08-09,11137,issued,management_statement
invoice-ord-00063,ord-00063,2026-08-04,23047,issued,management_statement
invoice-ord-00064,ord-00064,2026-03-26,22737,issued,management_statement
invoice-ord-00065,ord-00065,2026-07-31,55934,issued,management_statement
invoice-ord-00066,ord-00066,2026-05-15,28378,issued,management_statement
invoice-ord-00067,ord-00067,2026-09-17,10830,issued,management_statement
invoice-ord-00068,ord-00068,2026-05-27,19963,issued,management_statement
invoice-ord-00069,ord-00069,2026-08-25,98644,issued,management_statement
invoice-ord-00070,ord-00070,2026-09-05,97134,issued,management_statement
invoice-ord-00071,ord-00071,2026-01-16,18183,issued,management_statement
invoice-ord-00072,ord-00072,2026-05-26,11034,issued,management_statement
invoice-ord-00073,ord-00073,2026-01-15,54115,issued,management_statement
invoice-ord-00074,ord-00074,2026-04-12,105942,issued,management_statement
invoice-ord-00076,ord-00076,2026-05-17,56312,issued,management_statement
invoice-ord-00080,ord-00080,2026-08-15,33005,issued,management_statement
invoice-ord-00082,ord-00082,2026-03-30,53822,issued,management_statement
invoice-ord-00084,ord-00084,2026-04-15,64297,issued,management_statement
invoice-ord-00085,ord-00085,2026-08-31,33360,issued,management_statement
invoice-ord-00086,ord-00086,2026-07-01,77527,issued,management_statement
invoice-ord-00087,ord-00087,2026-09-16,80656,issued,management_statement
invoice-ord-00089,ord-00089,2026-08-19,21916,issued,management_statement
invoice-ord-00090,ord-00090,2026-03-29,53131,issued,management_statement
invoice-ord-00091,ord-00091,2026-08-17,56084,issued,management_statement
invoice-ord-00092,ord-00092,2026-08-13,56745,issued,management_statement
invoice-ord-00094,ord-00094,2026-06-22,44624,issued,management_statement
invoice-ord-00095,ord-00095,2026-07-25,42557,issued,management_statement
invoice-ord-00096,ord-00096,2026-06-03,32972,issued,management_statement
invoice-ord-00097,ord-00097,2026-05-16,22365,issued,management_statement
invoice-ord-00098,ord-00098,2026-07-12,62911,issued,management_statement
invoice-ord-00099,ord-00099,2026-02-07,22082,issued,management_statement
invoice-ord-00100,ord-00100,2026-08-15,22113,issued,management_statement
invoice-ord-00101,ord-00101,2026-09-09,70615,issued,management_statement
invoice-ord-00102,ord-00102,2026-07-07,58319,issued,management_statement
invoice-ord-00104,ord-00104,2026-09-07,18097,issued,management_statement
invoice-ord-00106,ord-00106,2025-11-04,61582,issued,management_statement
invoice-ord-00107,ord-00107,2026-03-27,83842,issued,management_statement
invoice-ord-00108,ord-00108,2025-10-25,74908,issued,management_statement
invoice-ord-00109,ord-00109,2026-08-23,63049,issued,management_statement
invoice-ord-00110,ord-00110,2026-04-15,33279,issued,management_statement
invoice-ord-00111,ord-00111,2026-02-20,17732,issued,management_statement
invoice-ord-00113,ord-00113,2026-04-20,52456,issued,management_statement
invoice-ord-00114,ord-00114,2026-07-09,22043,issued,management_statement
invoice-ord-00115,ord-00115,2026-04-05,58386,issued,management_statement
invoice-ord-00116,ord-00116,2026-05-26,23185,issued,management_statement
invoice-ord-00119,ord-00119,2026-05-21,11449,issued,management_statement
invoice-ord-00120,ord-00120,2026-08-17,66745,issued,management_statement
invoice-ord-00121,ord-00121,2026-05-14,43738,issued,management_statement
invoice-ord-00122,ord-00122,2025-12-04,45825,issued,management_statement
invoice-ord-00126,ord-00126,2026-07-06,23117,issued,management_statement
invoice-ord-00127,ord-00127,2026-06-24,22172,issued,management_statement
invoice-ord-00128,ord-00128,2026-03-29,34252,issued,management_statement
invoice-ord-00129,ord-00129,2026-07-18,53217,issued,management_statement
invoice-ord-00130,ord-00130,2026-04-29,88228,issued,management_statement
invoice-ord-00131,ord-00131,2026-09-04,73875,issued,management_statement
invoice-ord-00132,ord-00132,2026-04-14,22242,issued,management_statement
invoice-ord-00133,ord-00133,2026-03-26,11444,issued,management_statement
invoice-ord-00134,ord-00134,2026-02-02,29018,issued,management_statement
invoice-ord-00136,ord-00136,2026-06-09,54876,issued,management_statement
invoice-ord-00137,ord-00137,2026-06-01,102962,issued,management_statement
invoice-ord-00138,ord-00138,2026-05-25,34801,issued,management_statement
invoice-ord-00139,ord-00139,2026-05-18,10970,issued,management_statement
invoice-ord-00140,ord-00140,2026-06-14,21915,issued,management_statement
invoice-ord-00143,ord-00143,2026-01-07,59987,issued,management_statement
invoice-ord-00145,ord-00145,2026-04-26,33583,issued,management_statement
invoice-ord-00146,ord-00146,2026-07-24,43654,issued,management_statement
invoice-ord-00147,ord-00147,2026-03-01,10875,issued,management_statement
invoice-ord-00148,ord-00148,2026-06-07,42540,issued,management_statement
invoice-ord-00149,ord-00149,2026-04-05,68552,issued,management_statement
invoice-ord-00150,ord-00150,2026-08-07,144778,issued,management_statement
invoice-ord-00151,ord-00151,2026-06-05,32755,issued,management_statement
invoice-ord-00152,ord-00152,2026-06-19,69236,issued,management_statement
invoice-ord-00154,ord-00154,2026-07-02,88245,issued,management_statement
invoice-ord-00156,ord-00156,2026-09-05,76137,issued,management_statement
invoice-ord-00157,ord-00157,2025-12-19,52377,issued,management_statement
invoice-ord-00158,ord-00158,2026-09-06,63603,issued,management_statement
invoice-ord-00160,ord-00160,2026-02-16,27570,issued,management_statement
invoice-ord-00161,ord-00161,2026-08-16,38687,issued,management_statement
invoice-ord-00162,ord-00162,2026-03-15,104007,issued,management_statement
invoice-ord-00163,ord-00163,2026-02-16,33141,issued,management_statement
invoice-ord-00164,ord-00164,2026-02-19,23014,issued,management_statement
invoice-ord-00165,ord-00165,2026-05-02,33629,issued,management_statement
invoice-ord-00166,ord-00166,2026-06-01,38846,issued,management_statement
invoice-ord-00167,ord-00167,2026-05-12,52190,issued,management_statement
invoice-ord-00168,ord-00168,2026-05-24,78689,issued,management_statement
invoice-ord-00169,ord-00169,2026-09-11,33063,issued,management_statement
invoice-ord-00172,ord-00172,2026-06-08,119582,issued,management_statement
invoice-ord-00173,ord-00173,2025-11-15,34932,issued,management_statement
invoice-ord-00174,ord-00174,2026-08-08,34827,issued,management_statement
invoice-ord-00175,ord-00175,2026-02-21,72422,issued,management_statement
invoice-ord-00177,ord-00177,2026-06-08,61079,issued,management_statement
invoice-ord-00180,ord-00180,2026-05-08,53449,issued,management_statement
invoice-ord-00182,ord-00182,2025-12-13,55046,issued,management_statement
invoice-ord-00183,ord-00183,2026-08-31,97526,issued,management_statement
invoice-ord-00184,ord-00184,2026-06-20,22986,issued,management_statement
invoice-ord-00185,ord-00185,2026-08-19,46108,issued,management_statement
invoice-ord-00186,ord-00186,2026-07-25,39990,issued,management_statement
invoice-ord-00187,ord-00187,2026-03-06,84111,issued,management_statement
invoice-ord-00188,ord-00188,2026-05-30,91666,issued,management_statement
invoice-ord-00189,ord-00189,2026-03-04,41572,issued,management_statement
invoice-ord-00190,ord-00190,2026-03-09,36364,issued,management_statement
invoice-ord-00191,ord-00191,2026-05-30,11546,issued,management_statement
invoice-ord-00193,ord-00193,2026-01-22,11073,issued,management_statement
invoice-ord-00194,ord-00194,2025-10-21,35300,issued,management_statement
invoice-ord-00195,ord-00195,2026-01-23,77783,issued,management_statement
invoice-ord-00196,ord-00196,2026-07-09,80045,issued,management_statement
invoice-ord-00197,ord-00197,2026-01-24,18399,issued,management_statement
invoice-ord-00198,ord-00198,2026-04-04,33026,issued,management_statement
invoice-ord-00200,ord-00200,2026-09-11,84368,issued,management_statement
invoice-ord-00202,ord-00202,2026-07-09,64273,issued,management_statement
invoice-ord-00203,ord-00203,2026-01-18,22507,issued,management_statement
invoice-ord-00204,ord-00204,2026-08-25,86052,issued,management_statement
invoice-ord-00205,ord-00205,2026-05-23,107889,issued,management_statement
invoice-ord-00206,ord-00206,2026-06-30,32180,issued,management_statement
invoice-ord-00207,ord-00207,2026-04-08,84634,issued,management_statement
invoice-ord-00208,ord-00208,2026-09-07,45770,issued,management_statement
invoice-ord-00209,ord-00209,2026-06-19,22771,issued,management_statement
invoice-ord-00211,ord-00211,2026-09-12,33032,issued,management_statement
invoice-ord-00213,ord-00213,2026-06-25,33739,issued,management_statement
invoice-ord-00214,ord-00214,2026-09-10,54457,issued,management_statement
invoice-ord-00215,ord-00215,2026-05-25,60268,issued,management_statement
invoice-ord-00217,ord-00217,2026-04-30,22701,issued,management_statement
invoice-ord-00218,ord-00218,2026-08-31,109648,issued,management_statement
invoice-ord-00220,ord-00220,2026-05-11,50827,issued,management_statement
invoice-ord-00221,ord-00221,2026-07-01,44581,issued,management_statement
invoice-ord-00222,ord-00222,2026-06-13,124803,issued,management_statement
invoice-ord-00223,ord-00223,2026-06-19,40332,issued,management_statement
invoice-ord-00224,ord-00224,2026-08-04,17633,issued,management_statement
invoice-ord-00225,ord-00225,2026-03-01,33588,issued,management_statement
invoice-ord-00226,ord-00226,2026-06-24,23091,issued,management_statement
invoice-ord-00227,ord-00227,2026-03-02,21719,issued,management_statement
invoice-ord-00228,ord-00228,2026-06-07,44606,issued,management_statement
invoice-ord-00229,ord-00229,2026-01-15,62037,issued,management_statement
invoice-ord-00231,ord-00231,2026-07-02,53344,issued,management_statement
invoice-ord-00233,ord-00233,2026-07-20,81500,issued,management_statement
invoice-ord-00235,ord-00235,2026-03-05,33951,issued,management_statement
invoice-ord-00240,ord-00240,2026-04-29,80431,issued,management_statement
invoice-ord-00241,ord-00241,2026-08-20,63967,issued,management_statement
invoice-ord-00242,ord-00242,2025-11-09,11656,issued,management_statement
invoice-ord-00244,ord-00244,2025-11-13,102044,issued,management_statement
invoice-ord-00245,ord-00245,2026-07-31,33271,issued,management_statement
invoice-ord-00246,ord-00246,2026-01-21,22007,issued,management_statement
invoice-ord-00247,ord-00247,2026-02-11,36501,issued,management_statement
invoice-ord-00248,ord-00248,2026-08-30,55448,issued,management_statement
invoice-ord-00250,ord-00250,2026-01-09,77330,issued,management_statement
invoice-ord-00251,ord-00251,2026-06-25,33198,issued,management_statement
invoice-ord-00252,ord-00252,2026-08-20,29122,issued,management_statement
invoice-ord-00253,ord-00253,2026-07-11,36670,issued,management_statement
invoice-ord-00255,ord-00255,2026-05-22,29309,issued,management_statement
invoice-ord-00256,ord-00256,2026-06-10,73243,issued,management_statement
invoice-ord-00257,ord-00257,2026-05-22,53902,issued,management_statement
invoice-ord-00260,ord-00260,2026-07-07,22709,issued,management_statement
invoice-ord-00261,ord-00261,2026-04-19,33169,issued,management_statement
invoice-ord-00263,ord-00263,2026-04-30,11169,issued,management_statement
invoice-ord-00265,ord-00265,2026-04-26,45458,issued,management_statement
invoice-ord-00266,ord-00266,2026-04-20,27553,issued,management_statement
invoice-ord-00267,ord-00267,2026-05-19,34240,issued,management_statement
invoice-ord-00268,ord-00268,2025-12-20,23155,issued,management_statement
invoice-ord-00269,ord-00269,2026-09-01,116027,issued,management_statement
invoice-ord-00270,ord-00270,2026-08-22,11627,issued,management_statement
invoice-ord-00272,ord-00272,2026-04-28,46875,issued,management_statement
invoice-ord-00273,ord-00273,2026-06-30,69606,issued,management_statement
invoice-ord-00274,ord-00274,2026-05-28,71328,issued,management_statement
invoice-ord-00275,ord-00275,2026-05-21,27928,issued,management_statement
invoice-ord-00278,ord-00278,2026-07-21,22421,issued,management_statement
invoice-ord-00279,ord-00279,2025-12-28,11386,issued,management_statement
invoice-ord-00280,ord-00280,2026-08-02,21429,issued,management_statement
invoice-ord-00281,ord-00281,2026-07-19,55655,issued,management_statement
invoice-ord-00282,ord-00282,2026-08-27,71533,issued,management_statement
invoice-ord-00284,ord-00284,2026-09-09,64238,issued,management_statement
invoice-ord-00287,ord-00287,2026-01-27,56770,issued,management_statement
invoice-ord-00289,ord-00289,2026-05-25,34669,issued,management_statement
invoice-ord-00290,ord-00290,2026-06-30,169546,issued,management_statement
invoice-ord-00291,ord-00291,2025-12-28,11335,issued,management_statement
invoice-ord-00292,ord-00292,2026-06-30,22850,issued,management_statement
invoice-ord-00293,ord-00293,2026-08-21,23016,issued,management_statement
invoice-ord-00294,ord-00294,2026-06-25,34832,issued,management_statement
invoice-ord-00295,ord-00295,2026-09-13,34834,issued,management_statement
invoice-ord-00296,ord-00296,2026-04-08,11334,issued,management_statement
invoice-ord-00300,ord-00300,2026-05-28,33429,issued,management_statement
invoice-ord-00301,ord-00301,2026-06-16,39178,issued,management_statement
invoice-ord-00302,ord-00302,2026-03-17,22653,issued,management_statement
invoice-ord-00303,ord-00303,2026-08-04,121814,issued,management_statement
invoice-ord-00305,ord-00305,2026-05-06,10902,issued,management_statement
invoice-ord-00306,ord-00306,2026-04-18,21362,issued,management_statement
invoice-ord-00308,ord-00308,2026-04-09,33872,issued,management_statement
invoice-ord-00309,ord-00309,2026-05-22,23279,issued,management_statement
invoice-ord-00310,ord-00310,2026-05-12,18167,issued,management_statement
invoice-ord-00312,ord-00312,2026-07-26,54856,issued,management_statement
invoice-ord-00313,ord-00313,2026-09-13,63916,issued,management_statement
invoice-ord-00316,ord-00316,2026-08-21,53963,issued,management_statement
invoice-ord-00317,ord-00317,2026-03-04,56911,issued,management_statement
invoice-ord-00319,ord-00319,2026-05-23,52088,issued,management_statement
invoice-ord-00320,ord-00320,2026-01-11,32738,issued,management_statement
invoice-ord-00321,ord-00321,2026-08-23,41129,issued,management_statement
invoice-ord-00322,ord-00322,2026-07-15,34033,issued,management_statement
invoice-ord-00324,ord-00324,2025-12-23,68867,issued,management_statement
invoice-ord-00325,ord-00325,2026-08-12,68564,issued,management_statement
invoice-ord-00326,ord-00326,2026-09-03,32913,issued,management_statement
invoice-ord-00327,ord-00327,2025-10-17,54435,issued,management_statement
invoice-ord-00328,ord-00328,2026-07-18,39586,issued,management_statement
invoice-ord-00329,ord-00329,2026-08-21,17647,issued,management_statement
invoice-ord-00330,ord-00330,2026-08-22,45157,issued,management_statement
invoice-ord-00331,ord-00331,2026-06-20,84540,issued,management_statement
invoice-ord-00333,ord-00333,2026-06-29,38638,issued,management_statement
invoice-ord-00334,ord-00334,2026-06-09,22551,issued,management_statement
invoice-ord-00337,ord-00337,2026-03-16,50089,issued,management_statement
invoice-ord-00339,ord-00339,2026-09-07,10923,issued,management_statement
invoice-ord-00340,ord-00340,2026-09-02,95413,issued,management_statement
invoice-ord-00341,ord-00341,2026-09-15,95471,issued,management_statement
invoice-ord-00342,ord-00342,2026-04-16,22484,issued,management_statement
invoice-ord-00344,ord-00344,2026-07-10,54358,issued,management_statement
invoice-ord-00345,ord-00345,2026-06-09,10959,issued,management_statement
invoice-ord-00346,ord-00346,2026-07-15,11581,issued,management_statement
invoice-ord-00347,ord-00347,2026-08-25,10915,issued,management_statement
invoice-ord-00348,ord-00348,2026-06-01,11562,issued,management_statement
invoice-ord-00350,ord-00350,2026-05-10,32649,issued,management_statement
invoice-ord-00351,ord-00351,2026-07-18,11340,issued,management_statement
invoice-ord-00352,ord-00352,2026-08-24,58618,issued,management_statement
invoice-ord-00353,ord-00353,2026-07-17,22139,issued,management_statement
invoice-ord-00354,ord-00354,2026-07-08,83825,issued,management_statement
invoice-ord-00355,ord-00355,2026-06-16,66904,issued,management_statement
invoice-ord-00357,ord-00357,2026-08-31,27857,issued,management_statement
invoice-ord-00358,ord-00358,2026-02-20,105401,issued,management_statement
invoice-ord-00361,ord-00361,2026-08-19,42381,issued,management_statement
invoice-ord-00363,ord-00363,2026-04-12,44982,issued,management_statement
invoice-ord-00366,ord-00366,2026-08-18,55532,issued,management_statement
invoice-ord-00367,ord-00367,2026-08-30,40116,issued,management_statement
invoice-ord-00368,ord-00368,2026-05-14,54808,issued,management_statement
invoice-ord-00369,ord-00369,2026-03-02,98279,issued,management_statement
invoice-ord-00371,ord-00371,2025-10-28,11514,issued,management_statement
invoice-ord-00372,ord-00372,2026-05-14,33976,issued,management_statement
invoice-ord-00373,ord-00373,2026-08-06,17522,issued,management_statement
invoice-ord-00375,ord-00375,2026-08-26,44584,issued,management_statement
invoice-ord-00376,ord-00376,2026-07-24,57700,issued,management_statement
invoice-ord-00377,ord-00377,2026-06-24,119828,issued,management_statement
invoice-ord-00378,ord-00378,2026-01-09,51221,issued,management_statement
invoice-ord-00379,ord-00379,2026-06-08,23044,issued,management_statement
invoice-ord-00380,ord-00380,2026-03-01,44958,issued,management_statement
invoice-ord-00381,ord-00381,2025-12-20,11443,issued,management_statement
invoice-ord-00382,ord-00382,2026-08-08,53269,issued,management_statement
invoice-ord-00383,ord-00383,2026-07-21,60821,issued,management_statement
invoice-ord-00385,ord-00385,2026-03-30,54908,issued,management_statement
invoice-ord-00386,ord-00386,2026-06-12,11480,issued,management_statement
invoice-ord-00387,ord-00387,2026-05-29,33388,issued,management_statement
invoice-ord-00389,ord-00389,2026-06-27,33972,issued,management_statement
invoice-ord-00390,ord-00390,2026-09-17,11598,issued,management_statement
invoice-ord-00391,ord-00391,2026-08-17,104345,issued,management_statement
invoice-ord-00392,ord-00392,2026-08-01,63749,issued,management_statement
invoice-ord-00394,ord-00394,2026-06-19,17698,issued,management_statement
invoice-ord-00395,ord-00395,2026-06-10,22574,issued,management_statement
invoice-ord-00397,ord-00397,2026-07-02,33364,issued,management_statement
invoice-ord-00399,ord-00399,2026-09-13,22328,issued,management_statement
invoice-ord-00400,ord-00400,2026-06-27,22234,issued,management_statement
invoice-ord-00401,ord-00401,2026-07-17,22384,issued,management_statement
invoice-ord-00402,ord-00402,2026-07-03,43257,issued,management_statement
invoice-ord-00404,ord-00404,2026-08-30,55360,issued,management_statement
invoice-ord-00405,ord-00405,2026-08-13,28752,issued,management_statement
invoice-ord-00406,ord-00406,2025-11-18,22139,issued,management_statement
invoice-ord-00411,ord-00411,2026-07-05,63236,issued,management_statement
invoice-ord-00412,ord-00412,2026-04-03,62268,issued,management_statement
invoice-ord-00413,ord-00413,2026-05-26,54654,issued,management_statement
invoice-ord-00414,ord-00414,2026-04-21,11330,issued,management_statement
invoice-ord-00416,ord-00416,2025-12-28,10966,issued,management_statement
invoice-ord-00417,ord-00417,2026-06-25,17511,issued,management_statement
invoice-ord-00418,ord-00418,2025-12-29,35746,issued,management_statement
invoice-ord-00419,ord-00419,2026-08-01,85935,issued,management_statement
invoice-ord-00420,ord-00420,2026-06-14,108978,issued,management_statement
invoice-ord-00421,ord-00421,2026-05-21,21901,issued,management_statement
invoice-ord-00422,ord-00422,2026-09-05,17788,issued,management_statement
invoice-ord-00424,ord-00424,2026-05-29,49683,issued,management_statement
invoice-ord-00425,ord-00425,2026-03-25,43427,issued,management_statement
invoice-ord-00426,ord-00426,2026-07-24,66837,issued,management_statement
invoice-ord-00427,ord-00427,2026-08-15,40203,issued,management_statement
invoice-ord-00428,ord-00428,2026-03-26,63647,issued,management_statement
invoice-ord-00429,ord-00429,2025-12-16,33075,issued,management_statement
invoice-ord-00430,ord-00430,2025-12-10,33914,issued,management_statement
invoice-ord-00431,ord-00431,2026-06-25,11170,issued,management_statement
invoice-ord-00433,ord-00433,2026-06-25,69066,issued,management_statement
invoice-ord-00434,ord-00434,2026-04-16,77811,issued,management_statement
invoice-ord-00435,ord-00435,2026-05-03,22283,issued,management_statement
invoice-ord-00436,ord-00436,2026-08-01,64648,issued,management_statement
invoice-ord-00437,ord-00437,2026-05-13,77472,issued,management_statement
invoice-ord-00438,ord-00438,2026-01-26,42721,issued,management_statement
invoice-ord-00439,ord-00439,2025-11-12,77177,issued,management_statement
invoice-ord-00440,ord-00440,2026-01-26,22676,issued,management_statement
invoice-ord-00441,ord-00441,2026-03-06,22523,issued,management_statement
invoice-ord-00442,ord-00442,2026-01-28,23299,issued,management_statement
invoice-ord-00444,ord-00444,2026-08-18,96595,issued,management_statement
invoice-ord-00445,ord-00445,2026-07-17,33245,issued,management_statement
invoice-ord-00446,ord-00446,2026-07-09,43779,issued,management_statement
invoice-ord-00447,ord-00447,2026-07-20,63288,issued,management_statement
invoice-ord-00448,ord-00448,2025-10-29,89137,issued,management_statement
invoice-ord-00449,ord-00449,2026-06-16,56767,issued,management_statement
invoice-ord-00450,ord-00450,2026-09-16,33758,issued,management_statement
invoice-ord-00451,ord-00451,2026-05-19,86237,issued,management_statement
invoice-ord-00452,ord-00452,2025-11-08,34024,issued,management_statement
invoice-ord-00453,ord-00453,2026-06-18,33546,issued,management_statement
invoice-ord-00454,ord-00454,2026-07-15,55964,issued,management_statement
invoice-ord-00455,ord-00455,2026-03-07,33623,issued,management_statement
invoice-ord-00456,ord-00456,2026-06-30,22332,issued,management_statement
invoice-ord-00457,ord-00457,2026-04-20,11020,issued,management_statement
invoice-ord-00458,ord-00458,2026-07-08,40208,issued,management_statement
invoice-ord-00459,ord-00459,2026-07-02,36587,issued,management_statement
invoice-ord-00461,ord-00461,2026-02-04,46233,issued,management_statement
invoice-ord-00462,ord-00462,2026-04-11,22014,issued,management_statement
invoice-ord-00463,ord-00463,2026-04-04,33901,issued,management_statement
invoice-ord-00464,ord-00464,2026-01-04,84039,issued,management_statement
invoice-ord-00465,ord-00465,2026-06-24,39292,issued,management_statement
invoice-ord-00466,ord-00466,2026-08-23,63716,issued,management_statement
invoice-ord-00467,ord-00467,2026-01-19,80023,issued,management_statement
invoice-ord-00468,ord-00468,2026-03-10,41014,issued,management_statement
invoice-ord-00469,ord-00469,2026-09-12,44781,issued,management_statement
invoice-ord-00470,ord-00470,2026-08-27,10846,issued,management_statement
invoice-ord-00472,ord-00472,2026-07-06,22084,issued,management_statement
invoice-ord-00473,ord-00473,2026-03-18,60450,issued,management_statement
invoice-ord-00475,ord-00475,2026-08-08,22421,issued,management_statement
invoice-ord-00476,ord-00476,2026-08-22,11304,issued,management_statement
invoice-ord-00477,ord-00477,2025-12-05,70902,issued,management_statement
invoice-ord-00478,ord-00478,2026-08-14,44659,issued,management_statement
invoice-ord-00479,ord-00479,2026-06-20,22535,issued,management_statement
invoice-ord-00480,ord-00480,2026-01-07,83691,issued,management_statement
invoice-ord-00483,ord-00483,2026-07-11,11230,issued,management_statement
invoice-ord-00484,ord-00484,2025-11-26,56251,issued,management_statement
invoice-ord-00485,ord-00485,2026-05-17,66542,issued,management_statement
invoice-ord-00487,ord-00487,2026-09-19,23251,issued,management_statement
invoice-ord-00488,ord-00488,2026-09-06,109865,issued,management_statement
invoice-ord-00489,ord-00489,2026-02-19,54099,issued,management_statement
invoice-ord-00490,ord-00490,2026-07-23,23163,issued,management_statement
invoice-ord-00491,ord-00491,2026-08-29,11528,issued,management_statement
invoice-ord-00492,ord-00492,2026-07-31,33540,issued,management_statement
invoice-ord-00493,ord-00493,2025-11-08,55309,issued,management_statement
invoice-ord-00495,ord-00495,2026-04-26,61033,issued,management_statement
invoice-ord-00497,ord-00497,2026-05-29,56185,issued,management_statement
invoice-ord-00498,ord-00498,2025-11-19,33789,issued,management_statement
invoice-ord-00499,ord-00499,2026-03-10,22018,issued,management_statement
invoice-ord-00500,ord-00500,2026-01-08,23214,issued,management_statement
invoice-ord-00501,ord-00501,2026-02-12,54020,issued,management_statement
invoice-ord-00502,ord-00502,2025-12-15,22635,issued,management_statement
invoice-ord-00504,ord-00504,2026-05-27,40547,issued,management_statement
invoice-ord-00507,ord-00507,2026-06-07,55621,issued,management_statement
invoice-ord-00508,ord-00508,2026-05-05,92743,issued,management_statement
invoice-ord-00509,ord-00509,2026-02-14,11554,issued,management_statement
invoice-ord-00510,ord-00510,2026-09-02,34098,issued,management_statement
invoice-ord-00511,ord-00511,2026-01-01,82624,issued,management_statement
invoice-ord-00512,ord-00512,2026-03-02,77789,issued,management_statement
invoice-ord-00513,ord-00513,2025-11-18,52820,issued,management_statement
invoice-ord-00514,ord-00514,2025-10-28,34589,issued,management_statement
invoice-ord-00515,ord-00515,2026-04-06,33252,issued,management_statement
invoice-ord-00516,ord-00516,2026-08-27,84164,issued,management_statement
invoice-ord-00517,ord-00517,2026-07-03,32952,issued,management_statement
invoice-ord-00518,ord-00518,2026-04-04,60648,issued,management_statement
invoice-ord-00519,ord-00519,2026-06-21,81900,issued,management_statement
invoice-ord-00520,ord-00520,2026-06-08,54833,issued,management_statement
invoice-ord-00522,ord-00522,2026-04-05,21925,issued,management_statement
invoice-ord-00523,ord-00523,2026-08-13,22654,issued,management_statement
invoice-ord-00525,ord-00525,2026-08-31,57444,issued,management_statement
invoice-ord-00527,ord-00527,2026-07-08,35814,issued,management_statement
invoice-ord-00528,ord-00528,2026-06-16,75040,issued,management_statement
invoice-ord-00529,ord-00529,2026-07-12,67589,issued,management_statement
invoice-ord-00531,ord-00531,2026-01-29,54202,issued,management_statement
invoice-ord-00533,ord-00533,2026-08-13,97427,issued,management_statement
invoice-ord-00534,ord-00534,2026-07-01,20880,issued,management_statement
invoice-ord-00535,ord-00535,2026-04-09,59238,issued,management_statement
invoice-ord-00537,ord-00537,2026-03-17,85788,issued,management_statement
invoice-ord-00538,ord-00538,2026-07-08,34727,issued,management_statement
invoice-ord-00539,ord-00539,2026-03-20,138867,issued,management_statement
invoice-ord-00540,ord-00540,2026-08-09,56650,issued,management_statement
invoice-ord-00542,ord-00542,2025-11-14,45301,issued,management_statement
invoice-ord-00543,ord-00543,2026-06-20,96363,issued,management_statement
invoice-ord-00544,ord-00544,2026-05-08,27837,issued,management_statement
invoice-ord-00545,ord-00545,2026-07-13,91216,issued,management_statement
invoice-ord-00546,ord-00546,2026-03-24,56367,issued,management_statement
invoice-ord-00547,ord-00547,2026-02-21,73449,issued,management_statement
invoice-ord-00548,ord-00548,2026-08-10,11063,issued,management_statement
invoice-ord-00549,ord-00549,2026-01-22,34487,issued,management_statement
invoice-ord-00550,ord-00550,2026-02-09,42084,issued,management_statement
invoice-ord-00551,ord-00551,2026-08-17,27835,issued,management_statement
invoice-ord-00552,ord-00552,2026-09-17,34827,issued,management_statement
invoice-ord-00554,ord-00554,2026-07-13,21277,issued,management_statement
invoice-ord-00555,ord-00555,2026-04-22,29093,issued,management_statement
invoice-ord-00556,ord-00556,2026-08-01,94031,issued,management_statement
invoice-ord-00557,ord-00557,2026-08-29,33258,issued,management_statement
invoice-ord-00558,ord-00558,2026-04-04,42910,issued,management_statement
invoice-ord-00559,ord-00559,2026-05-14,63378,issued,management_statement
invoice-ord-00560,ord-00560,2026-08-08,50984,issued,management_statement
invoice-ord-00561,ord-00561,2026-07-24,32823,issued,management_statement
invoice-ord-00562,ord-00562,2026-05-14,73746,issued,management_statement
invoice-ord-00563,ord-00563,2025-12-05,45726,issued,management_statement
invoice-ord-00564,ord-00564,2025-10-22,10924,issued,management_statement
invoice-ord-00565,ord-00565,2026-05-12,11320,issued,management_statement
invoice-ord-00566,ord-00566,2026-05-30,32806,issued,management_statement
invoice-ord-00567,ord-00567,2026-06-24,21401,issued,management_statement
invoice-ord-00568,ord-00568,2026-06-07,56531,issued,management_statement
invoice-ord-00569,ord-00569,2026-07-04,78730,issued,management_statement
invoice-ord-00570,ord-00570,2026-09-17,33974,issued,management_statement
invoice-ord-00571,ord-00571,2026-08-08,74422,issued,management_statement
invoice-ord-00573,ord-00573,2026-05-30,60829,issued,management_statement
invoice-ord-00574,ord-00574,2026-03-12,17526,issued,management_statement
invoice-ord-00578,ord-00578,2026-08-13,42752,issued,management_statement
invoice-ord-00579,ord-00579,2026-06-26,138597,issued,management_statement
invoice-ord-00580,ord-00580,2026-05-28,34657,issued,management_statement
invoice-ord-00581,ord-00581,2025-12-18,28563,issued,management_statement
invoice-ord-00582,ord-00582,2026-01-12,46134,issued,management_statement
invoice-ord-00583,ord-00583,2026-03-30,56727,issued,management_statement
invoice-ord-00585,ord-00585,2026-02-20,40812,issued,management_statement
invoice-ord-00586,ord-00586,2026-05-25,56400,issued,management_statement
invoice-ord-00587,ord-00587,2026-08-22,42328,issued,management_statement
invoice-ord-00589,ord-00589,2026-04-07,46401,issued,management_statement
invoice-ord-00592,ord-00592,2026-07-18,97867,issued,management_statement
invoice-ord-00594,ord-00594,2026-08-18,54131,issued,management_statement
invoice-ord-00595,ord-00595,2026-07-08,61016,issued,management_statement
invoice-ord-00596,ord-00596,2026-02-09,67304,issued,management_statement
invoice-ord-00597,ord-00597,2026-07-15,52392,issued,management_statement
invoice-ord-00598,ord-00598,2026-09-07,22703,issued,management_statement
invoice-ord-00601,ord-00601,2026-06-16,50625,issued,management_statement
invoice-ord-00602,ord-00602,2026-09-17,58092,issued,management_statement
invoice-ord-00603,ord-00603,2026-02-19,17745,issued,management_statement
invoice-ord-00604,ord-00604,2026-01-12,36113,issued,management_statement
invoice-ord-00605,ord-00605,2026-08-01,20365,issued,management_statement
invoice-ord-00606,ord-00606,2026-04-26,36075,issued,management_statement
invoice-ord-00608,ord-00608,2026-06-15,11389,issued,management_statement
invoice-ord-00609,ord-00609,2026-07-01,85349,issued,management_statement
invoice-ord-00611,ord-00611,2026-07-15,87196,issued,management_statement
invoice-ord-00613,ord-00613,2026-06-06,76562,issued,management_statement
invoice-ord-00614,ord-00614,2026-01-01,89109,issued,management_statement
invoice-ord-00615,ord-00615,2026-08-22,33620,issued,management_statement
invoice-ord-00618,ord-00618,2026-05-23,76032,issued,management_statement
invoice-ord-00619,ord-00619,2026-04-15,20806,issued,management_statement
invoice-ord-00620,ord-00620,2026-06-25,28699,issued,management_statement
invoice-ord-00621,ord-00621,2026-06-24,27846,issued,management_statement
invoice-ord-00622,ord-00622,2026-01-09,73912,issued,management_statement
invoice-ord-00623,ord-00623,2026-08-26,86562,issued,management_statement
invoice-ord-00624,ord-00624,2026-06-09,55191,issued,management_statement
invoice-ord-00626,ord-00626,2026-02-22,55435,issued,management_statement
invoice-ord-00627,ord-00627,2026-07-14,84562,issued,management_statement
invoice-ord-00628,ord-00628,2026-08-26,46273,issued,management_statement
invoice-ord-00630,ord-00630,2026-09-08,94375,issued,management_statement
invoice-ord-00631,ord-00631,2026-08-25,81465,issued,management_statement
invoice-ord-00632,ord-00632,2026-04-18,11569,issued,management_statement
invoice-ord-00633,ord-00633,2026-06-24,22776,issued,management_statement
invoice-ord-00634,ord-00634,2026-05-28,11484,issued,management_statement
invoice-ord-00636,ord-00636,2026-03-26,99555,issued,management_statement
invoice-ord-00637,ord-00637,2026-07-10,20148,issued,management_statement
invoice-ord-00638,ord-00638,2026-05-28,74091,issued,management_statement
invoice-ord-00639,ord-00639,2026-08-22,62487,issued,management_statement
invoice-ord-00641,ord-00641,2026-06-29,85122,issued,management_statement
invoice-ord-00642,ord-00642,2026-05-24,63770,issued,management_statement
invoice-ord-00644,ord-00644,2026-03-08,95998,issued,management_statement
invoice-ord-00645,ord-00645,2026-06-04,123820,issued,management_statement
invoice-ord-00647,ord-00647,2026-04-04,55266,issued,management_statement
invoice-ord-00648,ord-00648,2026-03-30,67922,issued,management_statement
invoice-ord-00649,ord-00649,2026-04-04,85236,issued,management_statement
invoice-ord-00650,ord-00650,2026-06-07,87648,issued,management_statement
invoice-ord-00651,ord-00651,2026-08-13,33661,issued,management_statement
invoice-ord-00652,ord-00652,2026-02-02,85642,issued,management_statement
invoice-ord-00653,ord-00653,2026-05-04,22097,issued,management_statement
invoice-ord-00655,ord-00655,2026-06-22,20786,issued,management_statement
invoice-ord-00656,ord-00656,2026-07-06,46521,issued,management_statement
invoice-ord-00659,ord-00659,2026-07-23,59788,issued,management_statement
invoice-ord-00660,ord-00660,2025-11-27,55636,issued,management_statement
invoice-ord-00662,ord-00662,2026-06-13,20712,issued,management_statement
invoice-ord-00663,ord-00663,2026-05-28,17948,issued,management_statement
invoice-ord-00664,ord-00664,2026-08-20,51788,issued,management_statement
invoice-ord-00666,ord-00666,2026-06-11,36104,issued,management_statement
invoice-ord-00667,ord-00667,2026-05-28,52717,issued,management_statement
invoice-ord-00669,ord-00669,2026-04-16,32573,issued,management_statement
invoice-ord-00671,ord-00671,2025-11-05,28865,issued,management_statement
invoice-ord-00672,ord-00672,2025-12-05,90070,issued,management_statement
invoice-ord-00673,ord-00673,2026-05-28,33295,issued,management_statement
invoice-ord-00674,ord-00674,2026-07-15,69607,issued,management_statement
invoice-ord-00675,ord-00675,2026-06-19,61490,issued,management_statement
invoice-ord-00676,ord-00676,2026-01-14,32854,issued,management_statement
invoice-ord-00679,ord-00679,2026-08-19,11199,issued,management_statement
invoice-ord-00680,ord-00680,2026-03-24,54646,issued,management_statement
invoice-ord-00684,ord-00684,2026-06-04,49264,issued,management_statement
invoice-ord-00685,ord-00685,2026-03-15,83341,issued,management_statement
invoice-ord-00686,ord-00686,2026-04-29,11294,issued,management_statement
invoice-ord-00687,ord-00687,2025-09-27,78189,issued,management_statement
invoice-ord-00689,ord-00689,2026-09-15,33461,issued,management_statement
invoice-ord-00690,ord-00690,2026-09-15,53812,issued,management_statement
invoice-ord-00691,ord-00691,2026-08-20,96271,issued,management_statement
invoice-ord-00692,ord-00692,2026-06-10,125639,issued,management_statement
invoice-ord-00694,ord-00694,2026-05-12,90486,issued,management_statement
invoice-ord-00695,ord-00695,2026-03-25,21844,issued,management_statement
invoice-ord-00696,ord-00696,2026-01-09,22351,issued,management_statement
invoice-ord-00697,ord-00697,2026-04-26,21241,issued,management_statement
invoice-ord-00698,ord-00698,2026-05-28,101715,issued,management_statement
invoice-ord-00699,ord-00699,2025-12-09,33975,issued,management_statement
invoice-ord-00700,ord-00700,2026-06-08,33856,issued,management_statement
invoice-ord-00701,ord-00701,2026-04-03,62267,issued,management_statement
invoice-ord-00703,ord-00703,2026-07-10,52407,issued,management_statement
invoice-ord-00704,ord-00704,2026-04-12,50001,issued,management_statement
invoice-ord-00705,ord-00705,2026-08-25,75170,issued,management_statement
invoice-ord-00706,ord-00706,2026-03-15,46100,issued,management_statement
invoice-ord-00707,ord-00707,2026-09-04,65321,issued,management_statement
invoice-ord-00708,ord-00708,2026-08-09,21743,issued,management_statement
invoice-ord-00709,ord-00709,2025-11-07,11438,issued,management_statement
invoice-ord-00710,ord-00710,2026-09-02,23185,issued,management_statement
invoice-ord-00713,ord-00713,2026-07-18,11333,issued,management_statement
invoice-ord-00715,ord-00715,2026-08-15,76831,issued,management_statement
invoice-ord-00716,ord-00716,2026-09-01,34909,issued,management_statement
invoice-ord-00717,ord-00717,2026-07-10,32528,issued,management_statement
invoice-ord-00718,ord-00718,2026-05-16,66108,issued,management_statement
invoice-ord-00719,ord-00719,2026-05-14,31628,issued,management_statement
invoice-ord-00720,ord-00720,2026-06-05,44611,issued,management_statement
invoice-ord-00721,ord-00721,2025-12-29,55921,issued,management_statement
invoice-ord-00722,ord-00722,2025-10-21,60276,issued,management_statement
invoice-ord-00723,ord-00723,2026-06-21,28111,issued,management_statement
invoice-ord-00724,ord-00724,2026-09-09,69385,issued,management_statement
invoice-ord-00726,ord-00726,2026-05-04,51976,issued,management_statement
invoice-ord-00727,ord-00727,2025-10-24,32851,issued,management_statement
invoice-ord-00728,ord-00728,2026-08-07,60075,issued,management_statement
invoice-ord-00729,ord-00729,2026-09-03,116665,issued,management_statement
invoice-ord-00730,ord-00730,2026-04-25,51002,issued,management_statement
invoice-ord-00731,ord-00731,2025-12-29,94301,issued,management_statement
invoice-ord-00732,ord-00732,2026-01-27,91679,issued,management_statement
invoice-ord-00733,ord-00733,2026-03-09,17605,issued,management_statement
invoice-ord-00734,ord-00734,2026-08-07,10974,issued,management_statement
invoice-ord-00735,ord-00735,2026-03-26,22330,issued,management_statement
invoice-ord-00736,ord-00736,2025-12-20,72410,issued,management_statement
invoice-ord-00737,ord-00737,2026-03-14,96631,issued,management_statement
invoice-ord-00738,ord-00738,2026-01-19,34375,issued,management_statement
invoice-ord-00741,ord-00741,2026-06-20,65282,issued,management_statement
invoice-ord-00742,ord-00742,2026-08-20,22616,issued,management_statement
invoice-ord-00744,ord-00744,2026-04-28,11513,issued,management_statement
invoice-ord-00745,ord-00745,2026-08-17,46355,issued,management_statement
invoice-ord-00746,ord-00746,2025-10-11,85349,issued,management_statement
invoice-ord-00747,ord-00747,2026-01-12,33093,issued,management_statement
invoice-ord-00749,ord-00749,2026-05-22,91235,issued,management_statement
invoice-ord-00750,ord-00750,2026-02-25,66667,issued,management_statement
invoice-ord-00752,ord-00752,2026-07-09,66356,issued,management_statement
invoice-ord-00753,ord-00753,2026-09-09,79469,issued,management_statement
invoice-ord-00755,ord-00755,2025-11-27,76785,issued,management_statement
invoice-ord-00756,ord-00756,2026-05-08,41506,issued,management_statement
invoice-ord-00759,ord-00759,2026-09-14,77492,issued,management_statement
invoice-ord-00760,ord-00760,2026-07-02,42419,issued,management_statement
invoice-ord-00761,ord-00761,2026-06-08,80654,issued,management_statement
invoice-ord-00762,ord-00762,2026-08-11,21922,issued,management_statement
invoice-ord-00763,ord-00763,2026-09-06,33078,issued,management_statement
invoice-ord-00764,ord-00764,2026-07-23,20785,issued,management_statement
invoice-ord-00765,ord-00765,2026-08-13,62969,issued,management_statement
invoice-ord-00767,ord-00767,2026-08-28,61504,issued,management_statement
invoice-ord-00768,ord-00768,2026-01-11,34373,issued,management_statement
invoice-ord-00771,ord-00771,2026-07-26,18083,issued,management_statement
invoice-ord-00773,ord-00773,2026-02-04,57719,issued,management_statement
invoice-ord-00774,ord-00774,2026-04-01,65814,issued,management_statement
invoice-ord-00775,ord-00775,2026-06-15,22921,issued,management_statement
invoice-ord-00776,ord-00776,2026-01-27,29012,issued,management_statement
invoice-ord-00777,ord-00777,2025-10-25,47320,issued,management_statement
invoice-ord-00778,ord-00778,2026-04-28,44737,issued,management_statement
invoice-ord-00779,ord-00779,2026-02-11,70142,issued,management_statement
invoice-ord-00780,ord-00780,2026-07-09,83344,issued,management_statement
invoice-ord-00781,ord-00781,2026-04-14,11067,issued,management_statement
invoice-ord-00782,ord-00782,2026-09-09,62670,issued,management_statement
invoice-ord-00783,ord-00783,2026-06-25,137868,issued,management_statement
invoice-ord-00784,ord-00784,2026-09-09,58460,issued,management_statement
invoice-ord-00785,ord-00785,2026-08-11,34477,issued,management_statement
invoice-ord-00786,ord-00786,2026-08-17,10971,issued,management_statement
invoice-ord-00788,ord-00788,2026-08-06,33992,issued,management_statement
invoice-ord-00790,ord-00790,2026-01-22,29179,issued,management_statement
invoice-ord-00792,ord-00792,2026-08-09,28746,issued,management_statement
invoice-ord-00794,ord-00794,2026-03-13,62554,issued,management_statement
invoice-ord-00797,ord-00797,2025-12-27,56266,issued,management_statement
invoice-ord-00799,ord-00799,2026-07-29,79892,issued,management_statement
invoice-ord-00800,ord-00800,2026-07-01,68698,issued,management_statement
invoice-ord-00802,ord-00802,2026-08-22,21120,issued,management_statement
invoice-ord-00803,ord-00803,2026-07-01,10952,issued,management_statement
invoice-ord-00804,ord-00804,2026-07-14,40479,issued,management_statement
invoice-ord-00805,ord-00805,2026-07-14,40944,issued,management_statement
invoice-ord-00806,ord-00806,2026-01-12,21664,issued,management_statement
invoice-ord-00808,ord-00808,2025-12-22,22113,issued,management_statement
invoice-ord-00809,ord-00809,2026-08-25,22062,issued,management_statement
invoice-ord-00810,ord-00810,2026-06-21,11393,issued,management_statement
invoice-ord-00811,ord-00811,2025-12-16,22165,issued,management_statement
invoice-ord-00814,ord-00814,2026-08-09,86077,issued,management_statement
invoice-ord-00815,ord-00815,2026-08-27,54594,issued,management_statement
invoice-ord-00816,ord-00816,2026-01-15,77221,issued,management_statement
invoice-ord-00818,ord-00818,2026-06-09,57174,issued,management_statement
invoice-ord-00819,ord-00819,2026-08-22,33127,issued,management_statement
invoice-ord-00820,ord-00820,2026-04-20,33642,issued,management_statement
invoice-ord-00822,ord-00822,2026-08-06,77298,issued,management_statement
invoice-ord-00823,ord-00823,2026-03-07,34577,issued,management_statement
invoice-ord-00824,ord-00824,2026-08-13,11220,issued,management_statement
invoice-ord-00825,ord-00825,2026-06-29,22287,issued,management_statement
invoice-ord-00827,ord-00827,2026-07-01,74310,issued,management_statement
invoice-ord-00828,ord-00828,2026-05-24,10897,issued,management_statement
invoice-ord-00829,ord-00829,2026-07-18,22488,issued,management_statement
invoice-ord-00830,ord-00830,2026-08-09,22647,issued,management_statement
invoice-ord-00831,ord-00831,2026-08-16,11043,issued,management_statement
invoice-ord-00832,ord-00832,2026-06-01,56521,issued,management_statement
invoice-ord-00833,ord-00833,2026-09-03,89662,issued,management_statement
invoice-ord-00835,ord-00835,2026-07-06,93633,issued,management_statement
invoice-ord-00836,ord-00836,2026-06-09,31800,issued,management_statement
invoice-ord-00837,ord-00837,2026-05-29,54119,issued,management_statement
invoice-ord-00838,ord-00838,2026-08-13,22701,issued,management_statement
invoice-ord-00839,ord-00839,2026-04-29,66452,issued,management_statement
invoice-ord-00840,ord-00840,2026-01-01,64638,issued,management_statement
invoice-ord-00841,ord-00841,2026-06-30,72414,issued,management_statement
invoice-ord-00842,ord-00842,2026-06-23,21698,issued,management_statement
invoice-ord-00843,ord-00843,2026-01-09,55377,issued,management_statement
invoice-ord-00844,ord-00844,2026-08-29,10836,issued,management_statement
invoice-ord-00845,ord-00845,2026-08-10,39813,issued,management_statement
invoice-ord-00848,ord-00848,2026-05-02,22768,issued,management_statement
invoice-ord-00849,ord-00849,2026-04-03,32962,issued,management_statement
invoice-ord-00850,ord-00850,2026-07-20,92964,issued,management_statement
invoice-ord-00851,ord-00851,2025-12-28,127904,issued,management_statement
invoice-ord-00853,ord-00853,2026-09-01,34835,issued,management_statement
invoice-ord-00854,ord-00854,2026-03-02,72311,issued,management_statement
invoice-ord-00855,ord-00855,2026-07-11,61132,issued,management_statement
invoice-ord-00856,ord-00856,2026-09-01,34391,issued,management_statement
invoice-ord-00858,ord-00858,2026-06-22,20012,issued,management_statement
invoice-ord-00859,ord-00859,2026-02-04,77496,issued,management_statement
invoice-ord-00861,ord-00861,2026-08-12,53761,issued,management_statement
invoice-ord-00862,ord-00862,2026-01-21,118372,issued,management_statement
invoice-ord-00863,ord-00863,2026-02-11,45764,issued,management_statement
invoice-ord-00866,ord-00866,2026-01-21,11209,issued,management_statement
invoice-ord-00867,ord-00867,2026-06-10,23079,issued,management_statement
invoice-ord-00869,ord-00869,2025-11-04,33924,issued,management_statement
invoice-ord-00871,ord-00871,2026-08-23,21289,issued,management_statement
invoice-ord-00872,ord-00872,2026-08-20,83355,issued,management_statement
invoice-ord-00873,ord-00873,2025-12-22,56838,issued,management_statement
invoice-ord-00875,ord-00875,2026-03-07,21910,issued,management_statement
invoice-ord-00876,ord-00876,2026-08-27,105064,issued,management_statement
invoice-ord-00877,ord-00877,2026-09-13,11540,issued,management_statement
invoice-ord-00878,ord-00878,2025-11-01,74377,issued,management_statement
invoice-ord-00879,ord-00879,2026-08-18,50474,issued,management_statement
invoice-ord-00880,ord-00880,2026-07-20,21703,issued,management_statement
invoice-ord-00881,ord-00881,2026-04-03,28419,issued,management_statement
invoice-ord-00882,ord-00882,2026-05-24,33926,issued,management_statement
invoice-ord-00883,ord-00883,2025-11-16,48156,issued,management_statement
invoice-ord-00884,ord-00884,2026-09-07,11622,issued,management_statement
invoice-ord-00885,ord-00885,2026-04-04,88540,issued,management_statement
invoice-ord-00887,ord-00887,2026-05-17,17505,issued,management_statement
invoice-ord-00888,ord-00888,2026-06-05,40517,issued,management_statement
invoice-ord-00892,ord-00892,2026-06-19,57006,issued,management_statement
invoice-ord-00893,ord-00893,2026-02-17,22714,issued,management_statement
invoice-ord-00894,ord-00894,2026-03-01,32544,issued,management_statement
invoice-ord-00895,ord-00895,2026-09-16,33989,issued,management_statement
invoice-ord-00896,ord-00896,2026-01-14,45188,issued,management_statement
invoice-ord-00897,ord-00897,2026-04-15,67831,issued,management_statement
invoice-ord-00898,ord-00898,2026-07-09,45324,issued,management_statement
invoice-ord-00899,ord-00899,2026-04-26,56320,issued,management_statement
invoice-ord-00900,ord-00900,2026-03-26,61836,issued,management_statement
invoice-ord-00902,ord-00902,2026-08-29,88578,issued,management_statement
invoice-ord-00903,ord-00903,2026-07-18,34043,issued,management_statement
invoice-ord-00905,ord-00905,2026-09-06,22738,issued,management_statement
invoice-ord-00906,ord-00906,2026-04-28,64785,issued,management_statement
invoice-ord-00907,ord-00907,2026-09-09,27943,issued,management_statement
invoice-ord-00908,ord-00908,2026-05-29,33534,issued,management_statement
invoice-ord-00909,ord-00909,2026-08-29,10949,issued,management_statement
invoice-ord-00912,ord-00912,2026-06-25,23041,issued,management_statement
invoice-ord-00914,ord-00914,2026-08-06,34691,issued,management_statement
invoice-ord-00915,ord-00915,2026-04-10,11585,issued,management_statement
invoice-ord-00917,ord-00917,2026-08-27,68337,issued,management_statement
invoice-ord-00918,ord-00918,2025-12-09,40604,issued,management_statement
invoice-ord-00919,ord-00919,2026-07-25,102369,issued,management_statement
invoice-ord-00920,ord-00920,2026-08-25,49877,issued,management_statement
invoice-ord-00921,ord-00921,2026-07-17,58124,issued,management_statement
invoice-ord-00922,ord-00922,2025-10-25,82811,issued,management_statement
invoice-ord-00924,ord-00924,2026-05-29,35909,issued,management_statement
invoice-ord-00925,ord-00925,2026-03-21,41125,issued,management_statement
invoice-ord-00926,ord-00926,2026-07-28,11513,issued,management_statement
invoice-ord-00927,ord-00927,2026-04-29,57286,issued,management_statement
invoice-ord-00930,ord-00930,2026-05-04,56793,issued,management_statement
invoice-ord-00931,ord-00931,2026-01-21,10916,issued,management_statement
invoice-ord-00932,ord-00932,2026-08-18,56927,issued,management_statement
invoice-ord-00933,ord-00933,2026-08-16,54679,issued,management_statement
invoice-ord-00936,ord-00936,2026-09-05,84543,issued,management_statement
invoice-ord-00937,ord-00937,2026-08-04,11586,issued,management_statement
invoice-ord-00938,ord-00938,2026-08-22,87417,issued,management_statement
invoice-ord-00939,ord-00939,2026-07-14,11379,issued,management_statement
invoice-ord-00940,ord-00940,2026-06-19,20061,issued,management_statement
invoice-ord-00941,ord-00941,2026-03-27,23051,issued,management_statement
invoice-ord-00942,ord-00942,2026-09-06,11440,issued,management_statement
invoice-ord-00943,ord-00943,2026-08-26,11537,issued,management_statement
invoice-ord-00944,ord-00944,2026-04-30,55697,issued,management_statement
invoice-ord-00945,ord-00945,2026-08-09,29061,issued,management_statement
invoice-ord-00946,ord-00946,2026-07-13,86888,issued,management_statement
invoice-ord-00947,ord-00947,2026-06-16,69202,issued,management_statement
invoice-ord-00948,ord-00948,2026-07-17,53722,issued,management_statement
invoice-ord-00949,ord-00949,2026-06-09,56377,issued,management_statement
invoice-ord-00950,ord-00950,2026-07-09,11579,issued,management_statement
invoice-ord-00951,ord-00951,2026-06-24,22718,issued,management_statement
invoice-ord-00952,ord-00952,2026-03-21,137149,issued,management_statement
invoice-ord-00953,ord-00953,2026-06-25,130391,issued,management_statement
invoice-ord-00954,ord-00954,2026-03-19,11180,issued,management_statement
invoice-ord-00955,ord-00955,2026-03-16,42587,issued,management_statement
invoice-ord-00956,ord-00956,2026-06-04,34580,issued,management_statement
invoice-ord-00957,ord-00957,2026-02-16,44158,issued,management_statement
invoice-ord-00959,ord-00959,2026-08-18,21413,issued,management_statement
invoice-ord-00960,ord-00960,2026-01-27,88903,issued,management_statement
invoice-ord-00961,ord-00961,2026-01-21,74958,issued,management_statement
invoice-ord-00962,ord-00962,2025-11-22,41839,issued,management_statement
invoice-ord-00963,ord-00963,2026-04-25,32720,issued,management_statement
invoice-ord-00964,ord-00964,2026-07-16,77726,issued,management_statement
invoice-ord-00966,ord-00966,2026-07-15,11476,issued,management_statement
invoice-ord-00967,ord-00967,2026-08-15,35394,issued,management_statement
invoice-ord-00968,ord-00968,2026-01-12,23283,issued,management_statement
invoice-ord-00970,ord-00970,2026-06-13,95273,issued,management_statement
invoice-ord-00971,ord-00971,2026-05-17,22085,issued,management_statement
invoice-ord-00972,ord-00972,2025-12-13,94124,issued,management_statement
invoice-ord-00973,ord-00973,2026-04-30,55319,issued,management_statement
invoice-ord-00974,ord-00974,2026-07-23,56325,issued,management_statement
invoice-ord-00975,ord-00975,2026-07-20,33640,issued,management_statement
invoice-ord-00977,ord-00977,2026-07-18,11395,issued,management_statement
invoice-ord-00979,ord-00979,2026-01-15,33669,issued,management_statement
invoice-ord-00980,ord-00980,2026-06-28,54341,issued,management_statement
invoice-ord-00982,ord-00982,2026-01-24,59211,issued,management_statement
invoice-ord-00985,ord-00985,2026-03-09,32727,issued,management_statement
invoice-ord-00986,ord-00986,2026-03-01,84900,issued,management_statement
invoice-ord-00987,ord-00987,2026-09-17,102814,issued,management_statement
invoice-ord-00988,ord-00988,2026-09-06,29252,issued,management_statement
invoice-ord-00989,ord-00989,2026-05-29,64630,issued,management_statement
invoice-ord-00990,ord-00990,2026-01-27,22321,issued,management_statement
invoice-ord-00991,ord-00991,2026-07-06,11250,issued,management_statement
invoice-ord-00993,ord-00993,2026-01-25,88047,issued,management_statement
invoice-ord-00994,ord-00994,2026-07-02,88181,issued,management_statement
invoice-ord-00995,ord-00995,2026-02-11,54343,issued,management_statement
invoice-ord-00996,ord-00996,2026-01-23,117614,issued,management_statement
invoice-ord-00997,ord-00997,2026-06-28,17454,issued,management_statement
invoice-ord-01000,ord-01000,2026-08-03,18358,issued,management_statement
invoice-ord-01001,ord-01001,2026-08-26,23263,issued,management_statement
invoice-ord-01002,ord-01002,2026-06-20,105511,issued,management_statement
invoice-ord-01003,ord-01003,2026-08-09,51421,issued,management_statement
invoice-ord-01004,ord-01004,2026-07-02,66000,issued,management_statement
invoice-ord-01007,ord-01007,2026-04-15,61108,issued,management_statement
invoice-ord-01008,ord-01008,2026-04-03,78902,issued,management_statement
invoice-ord-01009,ord-01009,2026-06-29,33806,issued,management_statement
invoice-ord-01010,ord-01010,2026-09-01,11283,issued,management_statement
invoice-ord-01011,ord-01011,2026-01-25,28830,issued,management_statement
invoice-ord-01013,ord-01013,2026-02-19,17332,issued,management_statement
invoice-ord-01014,ord-01014,2026-07-20,23285,issued,management_statement
invoice-ord-01016,ord-01016,2026-05-16,18425,issued,management_statement
invoice-ord-01017,ord-01017,2026-05-09,89762,issued,management_statement
invoice-ord-01018,ord-01018,2026-07-22,33181,issued,management_statement
invoice-ord-01019,ord-01019,2026-09-05,52216,issued,management_statement
invoice-ord-01020,ord-01020,2026-08-20,22460,issued,management_statement
invoice-ord-01021,ord-01021,2026-08-03,80700,issued,management_statement
invoice-ord-01022,ord-01022,2026-07-01,83698,issued,management_statement
invoice-ord-01023,ord-01023,2026-08-21,32679,issued,management_statement
invoice-ord-01024,ord-01024,2026-08-30,23063,issued,management_statement
invoice-ord-01025,ord-01025,2026-06-08,11301,issued,management_statement
invoice-ord-01028,ord-01028,2026-06-13,68794,issued,management_statement
invoice-ord-01029,ord-01029,2026-08-11,20121,issued,management_statement
invoice-ord-01030,ord-01030,2026-05-28,10860,issued,management_statement
invoice-ord-01031,ord-01031,2026-02-16,22224,issued,management_statement
invoice-ord-01032,ord-01032,2026-09-13,35226,issued,management_statement
invoice-ord-01033,ord-01033,2026-06-28,108572,issued,management_statement
invoice-ord-01034,ord-01034,2026-02-06,88729,issued,management_statement
invoice-ord-01035,ord-01035,2026-06-25,22047,issued,management_statement
invoice-ord-01036,ord-01036,2025-12-24,53997,issued,management_statement
invoice-ord-01037,ord-01037,2026-05-14,22877,issued,management_statement
invoice-ord-01038,ord-01038,2026-05-28,147150,issued,management_statement
invoice-ord-01039,ord-01039,2026-09-17,11050,issued,management_statement
invoice-ord-01041,ord-01041,2026-09-07,10857,issued,management_statement
invoice-ord-01043,ord-01043,2026-06-28,42607,issued,management_statement
invoice-ord-01044,ord-01044,2025-12-10,32892,issued,management_statement
invoice-ord-01045,ord-01045,2026-07-09,46371,issued,management_statement
invoice-ord-01046,ord-01046,2026-09-10,22556,issued,management_statement
invoice-ord-01047,ord-01047,2026-08-30,64030,issued,management_statement
invoice-ord-01048,ord-01048,2025-12-29,34016,issued,management_statement
invoice-ord-01049,ord-01049,2026-05-09,35662,issued,management_statement
invoice-ord-01050,ord-01050,2026-08-26,33476,issued,management_statement
invoice-ord-01051,ord-01051,2026-05-16,31810,issued,management_statement
invoice-ord-01052,ord-01052,2026-02-28,33815,issued,management_statement
invoice-ord-01053,ord-01053,2025-12-14,83883,issued,management_statement
invoice-ord-01055,ord-01055,2026-02-04,93343,issued,management_statement
invoice-ord-01056,ord-01056,2026-01-18,106033,issued,management_statement
invoice-ord-01057,ord-01057,2026-08-31,56241,issued,management_statement
invoice-ord-01059,ord-01059,2026-09-12,11641,issued,management_statement
invoice-ord-01060,ord-01060,2026-05-30,51078,issued,management_statement
invoice-ord-01061,ord-01061,2026-08-22,20532,issued,management_statement
invoice-ord-01062,ord-01062,2026-08-19,87547,issued,management_statement
invoice-ord-01064,ord-01064,2026-06-28,54864,issued,management_statement
invoice-ord-01068,ord-01068,2026-08-09,57459,issued,management_statement
invoice-ord-01069,ord-01069,2025-12-09,11510,issued,management_statement
invoice-ord-01070,ord-01070,2026-03-13,85555,issued,management_statement
invoice-ord-01071,ord-01071,2026-02-11,55040,issued,management_statement
invoice-ord-01072,ord-01072,2026-04-04,66374,issued,management_statement
invoice-ord-01074,ord-01074,2026-09-16,32566,issued,management_statement
invoice-ord-01076,ord-01076,2026-03-31,34090,issued,management_statement
invoice-ord-01077,ord-01077,2025-12-12,84701,issued,management_statement
invoice-ord-01078,ord-01078,2026-09-12,56911,issued,management_statement
invoice-ord-01079,ord-01079,2026-08-20,115760,issued,management_statement
invoice-ord-01081,ord-01081,2026-08-31,95718,issued,management_statement
invoice-ord-01082,ord-01082,2026-04-01,17315,issued,management_statement
invoice-ord-01083,ord-01083,2026-04-02,22053,issued,management_statement
invoice-ord-01085,ord-01085,2026-03-18,11355,issued,management_statement
invoice-ord-01086,ord-01086,2026-06-05,57818,issued,management_statement
invoice-ord-01087,ord-01087,2026-03-02,32934,issued,management_statement
invoice-ord-01088,ord-01088,2026-04-26,56899,issued,management_statement
invoice-ord-01089,ord-01089,2025-12-13,91157,issued,management_statement
invoice-ord-01091,ord-01091,2026-09-02,46834,issued,management_statement
invoice-ord-01092,ord-01092,2026-03-28,34505,issued,management_statement
invoice-ord-01093,ord-01093,2026-05-12,11517,issued,management_statement
invoice-ord-01094,ord-01094,2026-04-16,33444,issued,management_statement
invoice-ord-01095,ord-01095,2026-06-17,83411,issued,management_statement
invoice-ord-01099,ord-01099,2026-04-22,21123,issued,management_statement
invoice-ord-01101,ord-01101,2026-07-23,94803,issued,management_statement
invoice-ord-01102,ord-01102,2026-04-09,11490,issued,management_statement
invoice-ord-01103,ord-01103,2026-03-30,33525,issued,management_statement
invoice-ord-01104,ord-01104,2026-03-21,11350,issued,management_statement
invoice-ord-01106,ord-01106,2026-04-19,98027,issued,management_statement
invoice-ord-01108,ord-01108,2025-11-11,34426,issued,management_statement
invoice-ord-01109,ord-01109,2026-09-13,11188,issued,management_statement
invoice-ord-01110,ord-01110,2026-09-07,57060,issued,management_statement
invoice-ord-01111,ord-01111,2026-02-04,44969,issued,management_statement
invoice-ord-01112,ord-01112,2025-12-21,28335,issued,management_statement
invoice-ord-01113,ord-01113,2026-02-11,56851,issued,management_statement
invoice-ord-01114,ord-01114,2026-07-29,55207,issued,management_statement
invoice-ord-01115,ord-01115,2026-05-14,21304,issued,management_statement
invoice-ord-01116,ord-01116,2026-07-15,49892,issued,management_statement
invoice-ord-01117,ord-01117,2026-05-14,22013,issued,management_statement
invoice-ord-01118,ord-01118,2026-08-30,86044,issued,management_statement
invoice-ord-01119,ord-01119,2026-03-01,114506,issued,management_statement
invoice-ord-01120,ord-01120,2026-07-17,86200,issued,management_statement
invoice-ord-01121,ord-01121,2026-05-22,20721,issued,management_statement
invoice-ord-01122,ord-01122,2026-01-23,51093,issued,management_statement
invoice-ord-01124,ord-01124,2026-06-22,11459,issued,management_statement
invoice-ord-01125,ord-01125,2026-06-08,64045,issued,management_statement
invoice-ord-01126,ord-01126,2026-04-04,78458,issued,management_statement
invoice-ord-01127,ord-01127,2025-12-31,44832,issued,management_statement
invoice-ord-01129,ord-01129,2026-04-09,40265,issued,management_statement
invoice-ord-01130,ord-01130,2026-03-15,23314,issued,management_statement
invoice-ord-01131,ord-01131,2026-05-20,22262,issued,management_statement
invoice-ord-01132,ord-01132,2025-12-24,51574,issued,management_statement
invoice-ord-01133,ord-01133,2026-03-27,54943,issued,management_statement
invoice-ord-01135,ord-01135,2026-09-05,22386,issued,management_statement
invoice-ord-01137,ord-01137,2026-04-14,34488,issued,management_statement
invoice-ord-01139,ord-01139,2026-09-09,59316,issued,management_statement
invoice-ord-01140,ord-01140,2026-02-14,71523,issued,management_statement
invoice-ord-01142,ord-01142,2026-08-16,59139,issued,management_statement
invoice-ord-01143,ord-01143,2025-10-27,17422,issued,management_statement
invoice-ord-01144,ord-01144,2026-06-28,62124,issued,management_statement
invoice-ord-01145,ord-01145,2026-03-11,17819,issued,management_statement
invoice-ord-01146,ord-01146,2026-04-30,41497,issued,management_statement
invoice-ord-01147,ord-01147,2026-06-08,34691,issued,management_statement
invoice-ord-01148,ord-01148,2026-07-13,45290,issued,management_statement
invoice-ord-01149,ord-01149,2026-01-20,18273,issued,management_statement
invoice-ord-01150,ord-01150,2026-04-04,21874,issued,management_statement
invoice-ord-01151,ord-01151,2026-08-24,23279,issued,management_statement
invoice-ord-01152,ord-01152,2026-01-15,58398,issued,management_statement
invoice-ord-01154,ord-01154,2026-06-13,43495,issued,management_statement
invoice-ord-01155,ord-01155,2026-05-24,43654,issued,management_statement
invoice-ord-01157,ord-01157,2026-06-07,83983,issued,management_statement
invoice-ord-01158,ord-01158,2026-06-14,11638,issued,management_statement
invoice-ord-01159,ord-01159,2026-03-07,23277,issued,management_statement
invoice-ord-01160,ord-01160,2025-10-26,22844,issued,management_statement
invoice-ord-01161,ord-01161,2026-05-09,32964,issued,management_statement
invoice-ord-01163,ord-01163,2026-08-21,62806,issued,management_statement
invoice-ord-01164,ord-01164,2026-08-25,59844,issued,management_statement
invoice-ord-01165,ord-01165,2026-06-01,82218,issued,management_statement
invoice-ord-01166,ord-01166,2026-08-11,40204,issued,management_statement
invoice-ord-01168,ord-01168,2026-03-13,22220,issued,management_statement
invoice-ord-01169,ord-01169,2026-03-16,11584,issued,management_statement
invoice-ord-01170,ord-01170,2025-11-17,43256,issued,management_statement
invoice-ord-01171,ord-01171,2026-08-25,33485,issued,management_statement
invoice-ord-01172,ord-01172,2026-07-07,20888,issued,management_statement
invoice-ord-01173,ord-01173,2026-09-05,81990,issued,management_statement
invoice-ord-01174,ord-01174,2026-09-13,89582,issued,management_statement
invoice-ord-01175,ord-01175,2026-08-01,33676,issued,management_statement
invoice-ord-01177,ord-01177,2026-02-10,11112,issued,management_statement
invoice-ord-01178,ord-01178,2026-01-28,89826,issued,management_statement
invoice-ord-01179,ord-01179,2026-07-17,35038,issued,management_statement
invoice-ord-01182,ord-01182,2026-02-10,69432,issued,management_statement
invoice-ord-01183,ord-01183,2026-07-21,62000,issued,management_statement
invoice-ord-01184,ord-01184,2026-04-16,22358,issued,management_statement
invoice-ord-01185,ord-01185,2026-07-28,93542,issued,management_statement
invoice-ord-01186,ord-01186,2026-08-30,89548,issued,management_statement
invoice-ord-01187,ord-01187,2026-04-29,59026,issued,management_statement
invoice-ord-01188,ord-01188,2026-06-29,55019,issued,management_statement
invoice-ord-01189,ord-01189,2026-03-21,10901,issued,management_statement
invoice-ord-01190,ord-01190,2026-08-15,22763,issued,management_statement
invoice-ord-01192,ord-01192,2026-08-31,34102,issued,management_statement
invoice-ord-01194,ord-01194,2026-03-06,38722,issued,management_statement
invoice-ord-01195,ord-01195,2026-08-19,45649,issued,management_statement
invoice-ord-01196,ord-01196,2026-07-16,41602,issued,management_statement
invoice-ord-01197,ord-01197,2026-03-06,50686,issued,management_statement
invoice-ord-00005,ord-00005,2025-09-26,0,void,management_statement
invoice-ord-00026,ord-00026,2026-04-04,0,void,management_statement
invoice-ord-00079,ord-00079,2026-08-13,0,void,management_statement
invoice-ord-00105,ord-00105,2026-05-23,0,void,management_statement
invoice-ord-00118,ord-00118,2026-06-04,0,void,management_statement
invoice-ord-00141,ord-00141,2026-01-28,0,void,management_statement
invoice-ord-00199,ord-00199,2026-07-08,0,void,management_statement
invoice-ord-00234,ord-00234,2026-04-20,0,void,management_statement
invoice-ord-00238,ord-00238,2026-08-11,0,void,management_statement
invoice-ord-00243,ord-00243,2026-03-16,0,void,management_statement
invoice-ord-00259,ord-00259,2026-06-13,0,void,management_statement
invoice-ord-00262,ord-00262,2026-08-25,0,void,management_statement
invoice-ord-00264,ord-00264,2026-03-22,0,void,management_statement
invoice-ord-00286,ord-00286,2026-05-16,0,void,management_statement
invoice-ord-00298,ord-00298,2026-05-09,0,void,management_statement
invoice-ord-00299,ord-00299,2026-09-06,0,void,management_statement
invoice-ord-00314,ord-00314,2026-07-03,0,void,management_statement
invoice-ord-00315,ord-00315,2026-08-26,0,void,management_statement
invoice-ord-00318,ord-00318,2025-12-28,0,void,management_statement
invoice-ord-00359,ord-00359,2026-08-30,0,void,management_statement
invoice-ord-00362,ord-00362,2026-09-06,0,void,management_statement
invoice-ord-00388,ord-00388,2026-05-04,0,void,management_statement
invoice-ord-00409,ord-00409,2026-01-22,0,void,management_statement
invoice-ord-00410,ord-00410,2026-07-17,0,void,management_statement
invoice-ord-00423,ord-00423,2026-07-09,0,void,management_statement
invoice-ord-00526,ord-00526,2026-07-14,0,void,management_statement
invoice-ord-00541,ord-00541,2026-09-14,0,void,management_statement
invoice-ord-00590,ord-00590,2026-04-07,0,void,management_statement
invoice-ord-00591,ord-00591,2026-01-19,0,void,management_statement
invoice-ord-00607,ord-00607,2026-01-09,0,void,management_statement
invoice-ord-00612,ord-00612,2026-08-08,0,void,management_statement
invoice-ord-00657,ord-00657,2026-09-02,0,void,management_statement
invoice-ord-00658,ord-00658,2026-02-03,0,void,management_statement
invoice-ord-00681,ord-00681,2026-01-14,0,void,management_statement
invoice-ord-00688,ord-00688,2025-10-21,0,void,management_statement
invoice-ord-00711,ord-00711,2026-06-05,0,void,management_statement
invoice-ord-00712,ord-00712,2026-08-11,0,void,management_statement
invoice-ord-00714,ord-00714,2026-08-04,0,void,management_statement
invoice-ord-00748,ord-00748,2026-05-21,0,void,management_statement
invoice-ord-00751,ord-00751,2026-02-17,0,void,management_statement
invoice-ord-00770,ord-00770,2026-08-22,0,void,management_statement
invoice-ord-00787,ord-00787,2026-09-11,0,void,management_statement
invoice-ord-00793,ord-00793,2026-08-28,0,void,management_statement
invoice-ord-00846,ord-00846,2026-09-01,0,void,management_statement
invoice-ord-00890,ord-00890,2026-07-31,0,void,management_statement
invoice-ord-00904,ord-00904,2026-01-07,0,void,management_statement
invoice-ord-00913,ord-00913,2026-08-21,0,void,management_statement
invoice-ord-00965,ord-00965,2026-01-10,0,void,management_statement
invoice-ord-00978,ord-00978,2026-05-10,0,void,management_statement
invoice-ord-01006,ord-01006,2026-06-09,0,void,management_statement
invoice-ord-01080,ord-01080,2026-09-17,0,void,management_statement
invoice-ord-01096,ord-01096,2026-04-15,0,void,management_statement
invoice-ord-01156,ord-01156,2026-08-21,0,void,management_statement
invoice-ord-01167,ord-01167,2026-08-09,0,void,management_statement
invoice-ord-01176,ord-01176,2026-03-20,0,void,management_statement
invoice-ord-01180,ord-01180,2026-06-16,0,void,management_statement
invoice-ord-01181,ord-01181,2026-06-02,0,void,management_statement
invoice-ord-01191,ord-01191,2026-03-26,0,void,management_statement
invoice-ord-01193,ord-01193,2026-04-07,0,void,management_statement
invoice-ord-01199,ord-01199,2026-07-21,0,void,management_statement
