id,order_id,date,amount_cents,status
pay-000001,ord-00001,2025-09-22,74660,settled
pay-000002,ord-00001,2025-09-23,74660,settled
pay-000003,ord-00002,2025-09-23,106423,settled
pay-000004,ord-00003,2025-09-24,58071,settled
pay-000005,ord-00004,2025-09-25,3698,pending
pay-000006,ord-00006,2026-08-15,23059,settled
pay-000007,ord-00007,2026-09-16,7605,pending
pay-000008,ord-00008,2026-01-16,44499,settled
pay-000009,ord-00009,2026-02-09,72112,settled
pay-000010,ord-00010,2026-07-14,39559,settled
pay-000011,ord-00010,2026-07-15,39560,settled
pay-000012,ord-00011,2026-01-14,27418,pending
pay-000013,ord-00012,2026-06-08,22217,settled
pay-000014,ord-00013,2026-04-04,3803,pending
pay-000015,ord-00014,2026-09-03,33804,settled
pay-000016,ord-00015,2026-06-28,115163,settled
pay-000017,ord-00016,2026-05-23,8786,settled
pay-000018,ord-00016,2026-05-24,8786,settled
pay-000019,ord-00017,2026-07-21,57688,settled
pay-000020,ord-00018,2026-09-13,97121,settled
pay-000021,ord-00019,2026-06-29,27233,settled
pay-000022,ord-00019,2026-06-30,27233,settled
pay-000023,ord-00020,2026-06-15,34262,settled
pay-000024,ord-00021,2026-09-12,45526,settled
pay-000025,ord-00022,2026-01-11,30474,settled
pay-000026,ord-00022,2026-01-12,30475,settled
pay-000027,ord-00023,2026-06-28,3779,pending
pay-000028,ord-00024,2026-08-30,55459,settled
pay-000029,ord-00025,2026-07-27,17200,settled
pay-000030,ord-00025,2026-07-28,17201,settled
pay-000031,ord-00027,2026-07-06,17266,settled
pay-000032,ord-00028,2026-01-02,14532,settled
pay-000033,ord-00028,2026-01-03,14533,settled
pay-000034,ord-00029,2026-08-20,96768,settled
pay-000035,ord-00030,2026-09-16,33031,settled
pay-000036,ord-00031,2026-06-28,43960,settled
pay-000037,ord-00031,2026-06-29,43960,settled
pay-000038,ord-00032,2026-05-15,35814,settled
pay-000039,ord-00033,2026-07-22,11037,settled
pay-000040,ord-00034,2026-07-10,5683,settled
pay-000041,ord-00034,2026-07-11,5684,settled
pay-000042,ord-00035,2026-07-20,29408,pending
pay-000043,ord-00036,2026-05-09,45140,settled
pay-000044,ord-00037,2026-05-12,17262,settled
pay-000045,ord-00037,2026-05-13,17262,settled
pay-000046,ord-00038,2026-01-10,20909,settled
pay-000047,ord-00039,2026-09-14,69400,settled
pay-000048,ord-00040,2026-04-26,34654,settled
pay-000049,ord-00040,2026-04-27,34655,settled
pay-000050,ord-00041,2026-09-08,107832,settled
pay-000051,ord-00042,2026-05-06,73345,settled
pay-000052,ord-00043,2025-12-10,28054,settled
pay-000053,ord-00043,2025-12-11,28054,settled
pay-000054,ord-00044,2026-01-10,5986,pending
pay-000055,ord-00045,2026-06-27,22333,settled
pay-000056,ord-00046,2026-07-10,42258,settled
pay-000057,ord-00046,2026-07-11,42258,settled
pay-000058,ord-00047,2026-05-04,28823,settled
pay-000059,ord-00048,2026-09-02,87654,settled
pay-000060,ord-00049,2025-12-20,16476,settled
pay-000061,ord-00049,2025-12-21,16476,settled
pay-000062,ord-00050,2026-03-24,40798,settled
pay-000063,ord-00051,2026-03-17,10854,settled
pay-000064,ord-00052,2026-07-28,55649,settled
pay-000065,ord-00052,2026-07-29,55650,settled
pay-000066,ord-00053,2026-02-16,51550,settled
pay-000067,ord-00054,2026-01-15,7257,pending
pay-000068,ord-00055,2026-05-15,5671,settled
pay-000069,ord-00055,2026-05-16,5672,settled
pay-000070,ord-00056,2026-07-25,7256,pending
pay-000071,ord-00057,2026-06-08,11291,settled
pay-000072,ord-00058,2026-05-27,17195,settled
pay-000073,ord-00058,2026-05-28,17195,settled
pay-000074,ord-00059,2026-04-06,87697,settled
pay-000075,ord-00060,2026-07-01,20656,settled
pay-000076,ord-00061,2026-05-13,38950,settled
pay-000077,ord-00061,2026-05-14,38950,settled
pay-000078,ord-00062,2026-08-09,11137,settled
pay-000079,ord-00063,2026-08-04,23047,settled
pay-000080,ord-00064,2026-03-26,11368,settled
pay-000081,ord-00064,2026-03-27,11369,settled
pay-000082,ord-00065,2026-07-31,55934,settled
pay-000083,ord-00066,2026-05-15,28378,settled
pay-000084,ord-00067,2026-09-17,5415,settled
pay-000085,ord-00067,2026-09-18,5415,settled
pay-000086,ord-00068,2026-05-27,19963,settled
pay-000087,ord-00069,2026-08-25,98644,settled
pay-000088,ord-00070,2026-09-05,48567,settled
pay-000089,ord-00070,2026-09-06,48567,settled
pay-000090,ord-00071,2026-01-16,18183,settled
pay-000091,ord-00072,2026-05-26,11034,settled
pay-000092,ord-00073,2026-01-15,27057,settled
pay-000093,ord-00073,2026-01-16,27058,settled
pay-000094,ord-00074,2026-04-12,105942,settled
pay-000095,ord-00075,2026-05-21,29170,pending
pay-000096,ord-00076,2026-05-17,28156,settled
pay-000097,ord-00076,2026-05-18,28156,settled
pay-000098,ord-00077,2026-05-12,7411,pending
pay-000099,ord-00078,2026-05-30,22529,pending
pay-000100,ord-00080,2026-08-15,33005,settled
pay-000101,ord-00081,2026-07-24,40124,settled
pay-000102,ord-00082,2026-03-30,26911,settled
pay-000103,ord-00082,2026-03-31,26911,settled
pay-000104,ord-00083,2026-05-11,27193,pending
pay-000105,ord-00084,2026-04-15,64297,settled
pay-000106,ord-00085,2026-08-31,16680,settled
pay-000107,ord-00085,2026-09-01,16680,settled
pay-000108,ord-00086,2026-07-01,77527,settled
pay-000109,ord-00087,2026-09-16,80656,settled
pay-000110,ord-00088,2026-09-06,7441,pending
pay-000111,ord-00089,2026-08-19,21916,settled
pay-000112,ord-00090,2026-03-29,53131,settled
pay-000113,ord-00091,2026-08-17,28042,settled
pay-000114,ord-00091,2026-08-18,28042,settled
pay-000115,ord-00092,2026-08-13,56745,settled
pay-000116,ord-00093,2026-07-09,36569,pending
pay-000117,ord-00094,2026-06-22,22312,settled
pay-000118,ord-00094,2026-06-23,22312,settled
pay-000119,ord-00095,2026-07-25,42557,settled
pay-000120,ord-00096,2026-06-03,32972,settled
pay-000121,ord-00097,2026-05-16,11182,settled
pay-000122,ord-00097,2026-05-17,11183,settled
pay-000123,ord-00098,2026-07-12,62911,settled
pay-000124,ord-00099,2026-02-07,22082,settled
pay-000125,ord-00100,2026-08-15,11056,settled
pay-000126,ord-00100,2026-08-16,11057,settled
pay-000127,ord-00101,2026-09-09,70615,settled
pay-000128,ord-00102,2026-07-07,58319,settled
pay-000129,ord-00103,2026-05-06,64964,settled
pay-000130,ord-00103,2026-05-07,64964,settled
pay-000131,ord-00104,2026-09-07,18097,settled
pay-000132,ord-00106,2025-11-04,30791,settled
pay-000133,ord-00106,2025-11-05,30791,settled
pay-000134,ord-00107,2026-03-27,83842,settled
pay-000135,ord-00108,2025-10-25,74908,settled
pay-000136,ord-00109,2026-08-23,31524,settled
pay-000137,ord-00109,2026-08-24,31525,settled
pay-000138,ord-00110,2026-04-15,33279,settled
pay-000139,ord-00111,2026-02-20,17732,settled
pay-000140,ord-00112,2025-12-09,42579,settled
pay-000141,ord-00112,2025-12-10,42579,settled
pay-000142,ord-00113,2026-04-20,52456,settled
pay-000143,ord-00114,2026-07-09,22043,settled
pay-000144,ord-00115,2026-04-05,29193,settled
pay-000145,ord-00115,2026-04-06,29193,settled
pay-000146,ord-00116,2026-05-26,23185,settled
pay-000147,ord-00117,2026-08-23,14235,pending
pay-000148,ord-00119,2026-05-21,11449,settled
pay-000149,ord-00120,2026-08-17,66745,settled
pay-000150,ord-00121,2026-05-14,21869,settled
pay-000151,ord-00121,2026-05-15,21869,settled
pay-000152,ord-00122,2025-12-04,45825,settled
pay-000153,ord-00123,2026-08-24,22415,settled
pay-000154,ord-00124,2026-08-17,8724,settled
pay-000155,ord-00124,2026-08-18,8725,settled
pay-000156,ord-00125,2026-01-26,15067,pending
pay-000157,ord-00126,2026-07-06,23117,settled
pay-000158,ord-00127,2026-06-24,11086,settled
pay-000159,ord-00127,2026-06-25,11086,settled
pay-000160,ord-00128,2026-03-29,34252,settled
pay-000161,ord-00129,2026-07-18,53217,settled
pay-000162,ord-00130,2026-04-29,44114,settled
pay-000163,ord-00130,2026-04-30,44114,settled
pay-000164,ord-00131,2026-09-04,73875,settled
pay-000165,ord-00132,2026-04-14,22242,settled
pay-000166,ord-00133,2026-03-26,5722,settled
pay-000167,ord-00133,2026-03-27,5722,settled
pay-000168,ord-00134,2026-02-02,29018,settled
pay-000169,ord-00135,2025-12-01,11372,pending
pay-000170,ord-00136,2026-06-09,27438,settled
pay-000171,ord-00136,2026-06-10,27438,settled
pay-000172,ord-00137,2026-06-01,102962,settled
pay-000173,ord-00138,2026-05-25,34801,settled
pay-000174,ord-00139,2026-05-18,5485,settled
pay-000175,ord-00139,2026-05-19,5485,settled
pay-000176,ord-00140,2026-06-14,21915,settled
pay-000177,ord-00142,2026-08-25,27883,pending
pay-000178,ord-00143,2026-01-07,59987,settled
pay-000179,ord-00144,2026-09-05,33610,settled
pay-000180,ord-00145,2026-04-26,16791,settled
pay-000181,ord-00145,2026-04-27,16792,settled
pay-000182,ord-00146,2026-07-24,43654,settled
pay-000183,ord-00147,2026-03-01,10875,settled
pay-000184,ord-00148,2026-06-07,21270,settled
pay-000185,ord-00148,2026-06-08,21270,settled
pay-000186,ord-00149,2026-04-05,68552,settled
pay-000187,ord-00150,2026-08-07,144778,settled
pay-000188,ord-00151,2026-06-05,16377,settled
pay-000189,ord-00151,2026-06-06,16378,settled
pay-000190,ord-00152,2026-06-19,69236,settled
pay-000191,ord-00153,2026-07-07,118432,settled
pay-000192,ord-00154,2026-07-02,44122,settled
pay-000193,ord-00154,2026-07-03,44123,settled
pay-000194,ord-00155,2026-01-24,27964,pending
pay-000195,ord-00156,2026-09-05,76137,settled
pay-000196,ord-00157,2025-12-19,26188,settled
pay-000197,ord-00157,2025-12-20,26189,settled
pay-000198,ord-00158,2026-09-06,63603,settled
pay-000199,ord-00159,2026-07-05,33253,settled
pay-000200,ord-00160,2026-02-16,13785,settled
pay-000201,ord-00160,2026-02-17,13785,settled
pay-000202,ord-00161,2026-08-16,38687,settled
pay-000203,ord-00162,2026-03-15,104007,settled
pay-000204,ord-00163,2026-02-16,16570,settled
pay-000205,ord-00163,2026-02-17,16571,settled
pay-000206,ord-00164,2026-02-19,23014,settled
pay-000207,ord-00165,2026-05-02,33629,settled
pay-000208,ord-00166,2026-06-01,19423,settled
pay-000209,ord-00166,2026-06-02,19423,settled
pay-000210,ord-00167,2026-05-12,52190,settled
pay-000211,ord-00168,2026-05-24,78689,settled
pay-000212,ord-00169,2026-09-11,16531,settled
pay-000213,ord-00169,2026-09-12,16532,settled
pay-000214,ord-00170,2026-09-10,16819,pending
pay-000215,ord-00171,2026-05-21,96301,settled
pay-000216,ord-00172,2026-06-08,59791,settled
pay-000217,ord-00172,2026-06-09,59791,settled
pay-000218,ord-00173,2025-11-15,34932,settled
pay-000219,ord-00174,2026-08-08,34827,settled
pay-000220,ord-00175,2026-02-21,36211,settled
pay-000221,ord-00175,2026-02-22,36211,settled
pay-000222,ord-00176,2026-08-15,15040,pending
pay-000223,ord-00177,2026-06-08,61079,settled
pay-000224,ord-00178,2026-07-30,19245,settled
pay-000225,ord-00178,2026-07-31,19245,settled
pay-000226,ord-00179,2026-04-24,3722,pending
pay-000227,ord-00180,2026-05-08,53449,settled
pay-000228,ord-00181,2026-04-01,3803,pending
pay-000229,ord-00182,2025-12-13,55046,settled
pay-000230,ord-00183,2026-08-31,97526,settled
pay-000231,ord-00184,2026-06-20,11493,settled
pay-000232,ord-00184,2026-06-21,11493,settled
pay-000233,ord-00185,2026-08-19,46108,settled
pay-000234,ord-00186,2026-07-25,39990,settled
pay-000235,ord-00187,2026-03-06,42055,settled
pay-000236,ord-00187,2026-03-07,42056,settled
pay-000237,ord-00188,2026-05-30,91666,settled
pay-000238,ord-00189,2026-03-04,41572,settled
pay-000239,ord-00190,2026-03-09,18182,settled
pay-000240,ord-00190,2026-03-10,18182,settled
pay-000241,ord-00191,2026-05-30,11546,settled
pay-000242,ord-00192,2026-06-28,29231,pending
pay-000243,ord-00193,2026-01-22,5536,settled
pay-000244,ord-00193,2026-01-23,5537,settled
pay-000245,ord-00194,2025-10-21,35300,settled
pay-000246,ord-00195,2026-01-23,77783,settled
pay-000247,ord-00196,2026-07-09,40022,settled
pay-000248,ord-00196,2026-07-10,40023,settled
pay-000249,ord-00197,2026-01-24,18399,settled
pay-000250,ord-00198,2026-04-04,33026,settled
pay-000251,ord-00200,2026-09-11,84368,settled
pay-000252,ord-00201,2026-06-21,53533,settled
pay-000253,ord-00202,2026-07-09,32136,settled
pay-000254,ord-00202,2026-07-10,32137,settled
pay-000255,ord-00203,2026-01-18,22507,settled
pay-000256,ord-00204,2026-08-25,86052,settled
pay-000257,ord-00205,2026-05-23,53944,settled
pay-000258,ord-00205,2026-05-24,53945,settled
pay-000259,ord-00206,2026-06-30,32180,settled
pay-000260,ord-00207,2026-04-08,84634,settled
pay-000261,ord-00208,2026-09-07,22885,settled
pay-000262,ord-00208,2026-09-08,22885,settled
pay-000263,ord-00209,2026-06-19,22771,settled
pay-000264,ord-00210,2026-08-05,7596,pending
pay-000265,ord-00211,2026-09-12,16516,settled
pay-000266,ord-00211,2026-09-13,16516,settled
pay-000267,ord-00212,2026-03-07,43363,settled
pay-000268,ord-00213,2026-06-25,33739,settled
pay-000269,ord-00214,2026-09-10,27228,settled
pay-000270,ord-00214,2026-09-11,27229,settled
pay-000271,ord-00215,2026-05-25,60268,settled
pay-000272,ord-00216,2026-06-23,10946,pending
pay-000273,ord-00217,2026-04-30,11350,settled
pay-000274,ord-00217,2026-05-01,11351,settled
pay-000275,ord-00218,2026-08-31,109648,settled
pay-000276,ord-00219,2026-08-20,22122,settled
pay-000277,ord-00220,2026-05-11,25413,settled
pay-000278,ord-00220,2026-05-12,25414,settled
pay-000279,ord-00221,2026-07-01,44581,settled
pay-000280,ord-00222,2026-06-13,124803,settled
pay-000281,ord-00223,2026-06-19,20166,settled
pay-000282,ord-00223,2026-06-20,20166,settled
pay-000283,ord-00224,2026-08-04,17633,settled
pay-000284,ord-00225,2026-03-01,33588,settled
pay-000285,ord-00226,2026-06-24,11545,settled
pay-000286,ord-00226,2026-06-25,11546,settled
pay-000287,ord-00227,2026-03-02,21719,settled
pay-000288,ord-00228,2026-06-07,44606,settled
pay-000289,ord-00229,2026-01-15,31018,settled
pay-000290,ord-00229,2026-01-16,31019,settled
pay-000291,ord-00230,2026-07-20,33884,settled
pay-000292,ord-00231,2026-07-02,53344,settled
pay-000293,ord-00232,2026-07-20,3661,pending
pay-000294,ord-00233,2026-07-20,81500,settled
pay-000295,ord-00235,2026-03-05,16975,settled
pay-000296,ord-00235,2026-03-06,16976,settled
pay-000297,ord-00236,2026-05-11,32647,settled
pay-000298,ord-00237,2026-09-19,22450,pending
pay-000299,ord-00239,2026-07-14,112157,settled
pay-000300,ord-00240,2026-04-29,80431,settled
pay-000301,ord-00241,2026-08-20,31983,settled
pay-000302,ord-00241,2026-08-21,31984,settled
pay-000303,ord-00242,2025-11-09,11656,settled
pay-000304,ord-00244,2025-11-13,51022,settled
pay-000305,ord-00244,2025-11-14,51022,settled
pay-000306,ord-00245,2026-07-31,33271,settled
pay-000307,ord-00246,2026-01-21,22007,settled
pay-000308,ord-00247,2026-02-11,18250,settled
pay-000309,ord-00247,2026-02-12,18251,settled
pay-000310,ord-00248,2026-08-30,55448,settled
pay-000311,ord-00249,2026-05-28,23532,pending
pay-000312,ord-00250,2026-01-09,38665,settled
pay-000313,ord-00250,2026-01-10,38665,settled
pay-000314,ord-00251,2026-06-25,33198,settled
pay-000315,ord-00252,2026-08-20,29122,settled
pay-000316,ord-00253,2026-07-11,18335,settled
pay-000317,ord-00253,2026-07-12,18335,settled
pay-000318,ord-00254,2026-07-14,33034,settled
pay-000319,ord-00255,2026-05-22,29309,settled
pay-000320,ord-00256,2026-06-10,36621,settled
pay-000321,ord-00256,2026-06-11,36622,settled
pay-000322,ord-00257,2026-05-22,53902,settled
pay-000323,ord-00258,2026-04-18,21854,pending
pay-000324,ord-00260,2026-07-07,22709,settled
pay-000325,ord-00261,2026-04-19,33169,settled
pay-000326,ord-00263,2026-04-30,11169,settled
pay-000327,ord-00265,2026-04-26,22729,settled
pay-000328,ord-00265,2026-04-27,22729,settled
pay-000329,ord-00266,2026-04-20,27553,settled
pay-000330,ord-00267,2026-05-19,34240,settled
pay-000331,ord-00268,2025-12-20,11577,settled
pay-000332,ord-00268,2025-12-21,11578,settled
pay-000333,ord-00269,2026-09-01,116027,settled
pay-000334,ord-00270,2026-08-22,11627,settled
pay-000335,ord-00271,2026-08-18,6958,pending
pay-000336,ord-00272,2026-04-28,46875,settled
pay-000337,ord-00273,2026-06-30,69606,settled
pay-000338,ord-00274,2026-05-28,35664,settled
pay-000339,ord-00274,2026-05-29,35664,settled
pay-000340,ord-00275,2026-05-21,27928,settled
pay-000341,ord-00276,2026-02-05,82591,settled
pay-000342,ord-00277,2026-04-08,16621,settled
pay-000343,ord-00277,2026-04-09,16622,settled
pay-000344,ord-00278,2026-07-21,22421,settled
pay-000345,ord-00279,2025-12-28,11386,settled
pay-000346,ord-00280,2026-08-02,10714,settled
pay-000347,ord-00280,2026-08-03,10715,settled
pay-000348,ord-00281,2026-07-19,55655,settled
pay-000349,ord-00282,2026-08-27,71533,settled
pay-000350,ord-00283,2026-07-06,7604,pending
pay-000351,ord-00284,2026-09-09,64238,settled
pay-000352,ord-00285,2026-07-27,58016,settled
pay-000353,ord-00287,2026-01-27,56770,settled
pay-000354,ord-00288,2026-04-24,7718,pending
pay-000355,ord-00289,2026-05-25,17334,settled
pay-000356,ord-00289,2026-05-26,17335,settled
pay-000357,ord-00290,2026-06-30,169546,settled
pay-000358,ord-00291,2025-12-28,11335,settled
pay-000359,ord-00292,2026-06-30,11425,settled
pay-000360,ord-00292,2026-07-01,11425,settled
pay-000361,ord-00293,2026-08-21,23016,settled
pay-000362,ord-00294,2026-06-25,34832,settled
pay-000363,ord-00295,2026-09-13,17417,settled
pay-000364,ord-00295,2026-09-14,17417,settled
pay-000365,ord-00296,2026-04-08,11334,settled
pay-000366,ord-00297,2026-01-21,6121,pending
pay-000367,ord-00300,2026-05-28,33429,settled
pay-000368,ord-00301,2026-06-16,19589,settled
pay-000369,ord-00301,2026-06-17,19589,settled
pay-000370,ord-00302,2026-03-17,22653,settled
pay-000371,ord-00303,2026-08-04,121814,settled
pay-000372,ord-00304,2026-02-24,14337,settled
pay-000373,ord-00304,2026-02-25,14337,settled
pay-000374,ord-00305,2026-05-06,10902,settled
pay-000375,ord-00306,2026-04-18,21362,settled
pay-000376,ord-00307,2026-09-20,32091,settled
pay-000377,ord-00307,2026-09-21,32092,settled
pay-000378,ord-00308,2026-04-09,33872,settled
pay-000379,ord-00309,2026-05-22,23279,settled
pay-000380,ord-00310,2026-05-12,9083,settled
pay-000381,ord-00310,2026-05-13,9084,settled
pay-000382,ord-00311,2026-04-19,6823,pending
pay-000383,ord-00312,2026-07-26,54856,settled
pay-000384,ord-00313,2026-09-13,31958,settled
pay-000385,ord-00313,2026-09-14,31958,settled
pay-000386,ord-00316,2026-08-21,26981,settled
pay-000387,ord-00316,2026-08-22,26982,settled
pay-000388,ord-00317,2026-03-04,56911,settled
pay-000389,ord-00319,2026-05-23,26044,settled
pay-000390,ord-00319,2026-05-24,26044,settled
pay-000391,ord-00320,2026-01-11,32738,settled
pay-000392,ord-00321,2026-08-23,41129,settled
pay-000393,ord-00322,2026-07-15,17016,settled
pay-000394,ord-00322,2026-07-16,17017,settled
pay-000395,ord-00323,2026-06-26,20291,pending
pay-000396,ord-00324,2025-12-23,68867,settled
pay-000397,ord-00325,2026-08-12,34282,settled
pay-000398,ord-00325,2026-08-13,34282,settled
pay-000399,ord-00326,2026-09-03,32913,settled
pay-000400,ord-00327,2025-10-17,54435,settled
pay-000401,ord-00328,2026-07-18,19793,settled
pay-000402,ord-00328,2026-07-19,19793,settled
pay-000403,ord-00329,2026-08-21,17647,settled
pay-000404,ord-00330,2026-08-22,45157,settled
pay-000405,ord-00331,2026-06-20,42270,settled
pay-000406,ord-00331,2026-06-21,42270,settled
pay-000407,ord-00332,2026-01-02,23057,settled
pay-000408,ord-00333,2026-06-29,38638,settled
pay-000409,ord-00334,2026-06-09,11275,settled
pay-000410,ord-00334,2026-06-10,11276,settled
pay-000411,ord-00335,2025-11-12,7364,pending
pay-000412,ord-00336,2025-12-26,19161,pending
pay-000413,ord-00337,2026-03-16,25044,settled
pay-000414,ord-00337,2026-03-17,25045,settled
pay-000415,ord-00338,2026-07-23,83573,settled
pay-000416,ord-00339,2026-09-07,10923,settled
pay-000417,ord-00340,2026-09-02,47706,settled
pay-000418,ord-00340,2026-09-03,47707,settled
pay-000419,ord-00341,2026-09-15,95471,settled
pay-000420,ord-00342,2026-04-16,22484,settled
pay-000421,ord-00343,2026-07-12,16677,settled
pay-000422,ord-00343,2026-07-13,16677,settled
pay-000423,ord-00344,2026-07-10,54358,settled
pay-000424,ord-00345,2026-06-09,10959,settled
pay-000425,ord-00346,2026-07-15,5790,settled
pay-000426,ord-00346,2026-07-16,5791,settled
pay-000427,ord-00347,2026-08-25,10915,settled
pay-000428,ord-00348,2026-06-01,11562,settled
pay-000429,ord-00349,2026-08-05,14196,settled
pay-000430,ord-00349,2026-08-06,14196,settled
pay-000431,ord-00350,2026-05-10,32649,settled
pay-000432,ord-00351,2026-07-18,11340,settled
pay-000433,ord-00352,2026-08-24,29309,settled
pay-000434,ord-00352,2026-08-25,29309,settled
pay-000435,ord-00353,2026-07-17,22139,settled
pay-000436,ord-00354,2026-07-08,83825,settled
pay-000437,ord-00355,2026-06-16,33452,settled
pay-000438,ord-00355,2026-06-17,33452,settled
pay-000439,ord-00356,2026-06-22,23082,settled
pay-000440,ord-00357,2026-08-31,27857,settled
pay-000441,ord-00358,2026-02-20,52700,settled
pay-000442,ord-00358,2026-02-21,52701,settled
pay-000443,ord-00360,2026-03-01,11075,pending
pay-000444,ord-00361,2026-08-19,21190,settled
pay-000445,ord-00361,2026-08-20,21191,settled
pay-000446,ord-00363,2026-04-12,44982,settled
pay-000447,ord-00364,2026-08-26,17218,settled
pay-000448,ord-00364,2026-08-27,17219,settled
pay-000449,ord-00365,2026-08-31,47539,settled
pay-000450,ord-00366,2026-08-18,55532,settled
pay-000451,ord-00367,2026-08-30,20058,settled
pay-000452,ord-00367,2026-08-31,20058,settled
pay-000453,ord-00368,2026-05-14,54808,settled
pay-000454,ord-00369,2026-03-02,98279,settled
pay-000455,ord-00370,2025-11-14,30315,settled
pay-000456,ord-00370,2025-11-15,30315,settled
pay-000457,ord-00371,2025-10-28,11514,settled
pay-000458,ord-00372,2026-05-14,33976,settled
pay-000459,ord-00373,2026-08-06,8761,settled
pay-000460,ord-00373,2026-08-07,8761,settled
pay-000461,ord-00374,2026-07-18,56899,settled
pay-000462,ord-00375,2026-08-26,44584,settled
pay-000463,ord-00376,2026-07-24,28850,settled
pay-000464,ord-00376,2026-07-25,28850,settled
pay-000465,ord-00377,2026-06-24,119828,settled
pay-000466,ord-00378,2026-01-09,51221,settled
pay-000467,ord-00379,2026-06-08,11522,settled
pay-000468,ord-00379,2026-06-09,11522,settled
pay-000469,ord-00380,2026-03-01,44958,settled
pay-000470,ord-00381,2025-12-20,11443,settled
pay-000471,ord-00382,2026-08-08,26634,settled
pay-000472,ord-00382,2026-08-09,26635,settled
pay-000473,ord-00383,2026-07-21,60821,settled
pay-000474,ord-00384,2026-03-28,18835,pending
pay-000475,ord-00385,2026-03-30,27454,settled
pay-000476,ord-00385,2026-03-31,27454,settled
pay-000477,ord-00386,2026-06-12,11480,settled
pay-000478,ord-00387,2026-05-29,33388,settled
pay-000479,ord-00389,2026-06-27,33972,settled
pay-000480,ord-00390,2026-09-17,11598,settled
pay-000481,ord-00391,2026-08-17,52172,settled
pay-000482,ord-00391,2026-08-18,52173,settled
pay-000483,ord-00392,2026-08-01,63749,settled
pay-000484,ord-00393,2026-08-22,9454,pending
pay-000485,ord-00394,2026-06-19,8849,settled
pay-000486,ord-00394,2026-06-20,8849,settled
pay-000487,ord-00395,2026-06-10,22574,settled
pay-000488,ord-00396,2026-08-29,33729,settled
pay-000489,ord-00397,2026-07-02,16682,settled
pay-000490,ord-00397,2026-07-03,16682,settled
pay-000491,ord-00398,2026-06-16,7580,pending
pay-000492,ord-00399,2026-09-13,22328,settled
pay-000493,ord-00400,2026-06-27,11117,settled
pay-000494,ord-00400,2026-06-28,11117,settled
pay-000495,ord-00401,2026-07-17,22384,settled
pay-000496,ord-00402,2026-07-03,43257,settled
pay-000497,ord-00403,2026-09-18,8966,settled
pay-000498,ord-00403,2026-09-19,8966,settled
pay-000499,ord-00404,2026-08-30,55360,settled
pay-000500,ord-00405,2026-08-13,28752,settled
pay-000501,ord-00406,2025-11-18,11069,settled
pay-000502,ord-00406,2025-11-19,11070,settled
pay-000503,ord-00407,2026-04-04,32661,settled
pay-000504,ord-00408,2026-04-20,17631,settled
pay-000505,ord-00411,2026-07-05,63236,settled
pay-000506,ord-00412,2026-04-03,31134,settled
pay-000507,ord-00412,2026-04-04,31134,settled
pay-000508,ord-00413,2026-05-26,54654,settled
pay-000509,ord-00414,2026-04-21,11330,settled
pay-000510,ord-00415,2026-03-16,3624,pending
pay-000511,ord-00416,2025-12-28,10966,settled
pay-000512,ord-00417,2026-06-25,17511,settled
pay-000513,ord-00418,2025-12-29,17873,settled
pay-000514,ord-00418,2025-12-30,17873,settled
pay-000515,ord-00419,2026-08-01,85935,settled
pay-000516,ord-00420,2026-06-14,108978,settled
pay-000517,ord-00421,2026-05-21,10950,settled
pay-000518,ord-00421,2026-05-22,10951,settled
pay-000519,ord-00422,2026-09-05,17788,settled
pay-000520,ord-00424,2026-05-29,24841,settled
pay-000521,ord-00424,2026-05-30,24842,settled
pay-000522,ord-00425,2026-03-25,43427,settled
pay-000523,ord-00426,2026-07-24,66837,settled
pay-000524,ord-00427,2026-08-15,20101,settled
pay-000525,ord-00427,2026-08-16,20102,settled
pay-000526,ord-00428,2026-03-26,63647,settled
pay-000527,ord-00429,2025-12-16,33075,settled
pay-000528,ord-00430,2025-12-10,16957,settled
pay-000529,ord-00430,2025-12-11,16957,settled
pay-000530,ord-00431,2026-06-25,11170,settled
pay-000531,ord-00432,2026-08-11,13379,pending
pay-000532,ord-00433,2026-06-25,34533,settled
pay-000533,ord-00433,2026-06-26,34533,settled
pay-000534,ord-00434,2026-04-16,77811,settled
pay-000535,ord-00435,2026-05-03,22283,settled
pay-000536,ord-00436,2026-08-01,32324,settled
pay-000537,ord-00436,2026-08-02,32324,settled
pay-000538,ord-00437,2026-05-13,77472,settled
pay-000539,ord-00438,2026-01-26,42721,settled
pay-000540,ord-00439,2025-11-12,38588,settled
pay-000541,ord-00439,2025-11-13,38589,settled
pay-000542,ord-00440,2026-01-26,22676,settled
pay-000543,ord-00441,2026-03-06,22523,settled
pay-000544,ord-00442,2026-01-28,11649,settled
pay-000545,ord-00442,2026-01-29,11650,settled
pay-000546,ord-00443,2026-08-09,79864,settled
pay-000547,ord-00444,2026-08-18,96595,settled
pay-000548,ord-00445,2026-07-17,16622,settled
pay-000549,ord-00445,2026-07-18,16623,settled
pay-000550,ord-00446,2026-07-09,43779,settled
pay-000551,ord-00447,2026-07-20,63288,settled
pay-000552,ord-00448,2025-10-29,44568,settled
pay-000553,ord-00448,2025-10-30,44569,settled
pay-000554,ord-00449,2026-06-16,56767,settled
pay-000555,ord-00450,2026-09-16,33758,settled
pay-000556,ord-00451,2026-05-19,43118,settled
pay-000557,ord-00451,2026-05-20,43119,settled
pay-000558,ord-00452,2025-11-08,34024,settled
pay-000559,ord-00453,2026-06-18,33546,settled
pay-000560,ord-00454,2026-07-15,27982,settled
pay-000561,ord-00454,2026-07-16,27982,settled
pay-000562,ord-00455,2026-03-07,33623,settled
pay-000563,ord-00456,2026-06-30,22332,settled
pay-000564,ord-00457,2026-04-20,5510,settled
pay-000565,ord-00457,2026-04-21,5510,settled
pay-000566,ord-00458,2026-07-08,40208,settled
pay-000567,ord-00459,2026-07-02,36587,settled
pay-000568,ord-00460,2026-09-16,20760,pending
pay-000569,ord-00461,2026-02-04,46233,settled
pay-000570,ord-00462,2026-04-11,22014,settled
pay-000571,ord-00463,2026-04-04,16950,settled
pay-000572,ord-00463,2026-04-05,16951,settled
pay-000573,ord-00464,2026-01-04,84039,settled
pay-000574,ord-00465,2026-06-24,39292,settled
pay-000575,ord-00466,2026-08-23,31858,settled
pay-000576,ord-00466,2026-08-24,31858,settled
pay-000577,ord-00467,2026-01-19,80023,settled
pay-000578,ord-00468,2026-03-10,41014,settled
pay-000579,ord-00469,2026-09-12,22390,settled
pay-000580,ord-00469,2026-09-13,22391,settled
pay-000581,ord-00470,2026-08-27,10846,settled
pay-000582,ord-00471,2026-09-20,9628,pending
pay-000583,ord-00472,2026-07-06,11042,settled
pay-000584,ord-00472,2026-07-07,11042,settled
pay-000585,ord-00473,2026-03-18,60450,settled
pay-000586,ord-00474,2026-09-05,10862,pending
pay-000587,ord-00475,2026-08-08,11210,settled
pay-000588,ord-00475,2026-08-09,11211,settled
pay-000589,ord-00476,2026-08-22,11304,settled
pay-000590,ord-00477,2025-12-05,70902,settled
pay-000591,ord-00478,2026-08-14,22329,settled
pay-000592,ord-00478,2026-08-15,22330,settled
pay-000593,ord-00479,2026-06-20,22535,settled
pay-000594,ord-00480,2026-01-07,83691,settled
pay-000595,ord-00481,2026-09-07,20964,pending
pay-000596,ord-00482,2026-01-26,36002,settled
pay-000597,ord-00483,2026-07-11,11230,settled
pay-000598,ord-00484,2025-11-26,28125,settled
pay-000599,ord-00484,2025-11-27,28126,settled
pay-000600,ord-00485,2026-05-17,66542,settled
pay-000601,ord-00486,2026-09-21,22411,pending
pay-000602,ord-00487,2026-09-19,11625,settled
pay-000603,ord-00487,2026-09-20,11626,settled
pay-000604,ord-00488,2026-09-06,109865,settled
pay-000605,ord-00489,2026-02-19,54099,settled
pay-000606,ord-00490,2026-07-23,11581,settled
pay-000607,ord-00490,2026-07-24,11582,settled
pay-000608,ord-00491,2026-08-29,11528,settled
pay-000609,ord-00492,2026-07-31,33540,settled
pay-000610,ord-00493,2025-11-08,27654,settled
pay-000611,ord-00493,2025-11-09,27655,settled
pay-000612,ord-00494,2025-11-29,100151,settled
pay-000613,ord-00495,2026-04-26,61033,settled
pay-000614,ord-00496,2026-06-01,14810,pending
pay-000615,ord-00497,2026-05-29,56185,settled
pay-000616,ord-00498,2025-11-19,33789,settled
pay-000617,ord-00499,2026-03-10,11009,settled
pay-000618,ord-00499,2026-03-11,11009,settled
pay-000619,ord-00500,2026-01-08,23214,settled
pay-000620,ord-00501,2026-02-12,54020,settled
pay-000621,ord-00502,2025-12-15,11317,settled
pay-000622,ord-00502,2025-12-16,11318,settled
pay-000623,ord-00503,2026-05-22,22644,settled
pay-000624,ord-00504,2026-05-27,40547,settled
pay-000625,ord-00505,2026-01-19,7559,pending
pay-000626,ord-00506,2025-11-20,18883,pending
pay-000627,ord-00507,2026-06-07,55621,settled
pay-000628,ord-00508,2026-05-05,46371,settled
pay-000629,ord-00508,2026-05-06,46372,settled
pay-000630,ord-00509,2026-02-14,11554,settled
pay-000631,ord-00510,2026-09-02,34098,settled
pay-000632,ord-00511,2026-01-01,41312,settled
pay-000633,ord-00511,2026-01-02,41312,settled
pay-000634,ord-00512,2026-03-02,77789,settled
pay-000635,ord-00513,2025-11-18,52820,settled
pay-000636,ord-00514,2025-10-28,17294,settled
pay-000637,ord-00514,2025-10-29,17295,settled
pay-000638,ord-00515,2026-04-06,33252,settled
pay-000639,ord-00516,2026-08-27,84164,settled
pay-000640,ord-00517,2026-07-03,16476,settled
pay-000641,ord-00517,2026-07-04,16476,settled
pay-000642,ord-00518,2026-04-04,60648,settled
pay-000643,ord-00519,2026-06-21,81900,settled
pay-000644,ord-00520,2026-06-08,27416,settled
pay-000645,ord-00520,2026-06-09,27417,settled
pay-000646,ord-00521,2026-01-01,63560,settled
pay-000647,ord-00522,2026-04-05,21925,settled
pay-000648,ord-00523,2026-08-13,11327,settled
pay-000649,ord-00523,2026-08-14,11327,settled
pay-000650,ord-00524,2026-05-24,5973,pending
pay-000651,ord-00525,2026-08-31,57444,settled
pay-000652,ord-00527,2026-07-08,35814,settled
pay-000653,ord-00528,2026-06-16,75040,settled
pay-000654,ord-00529,2026-07-12,33794,settled
pay-000655,ord-00529,2026-07-13,33795,settled
pay-000656,ord-00530,2026-08-24,11241,settled
pay-000657,ord-00531,2026-01-29,54202,settled
pay-000658,ord-00532,2026-08-30,5583,settled
pay-000659,ord-00532,2026-08-31,5583,settled
pay-000660,ord-00533,2026-08-13,97427,settled
pay-000661,ord-00534,2026-07-01,20880,settled
pay-000662,ord-00535,2026-04-09,29619,settled
pay-000663,ord-00535,2026-04-10,29619,settled
pay-000664,ord-00536,2026-08-14,57473,settled
pay-000665,ord-00537,2026-03-17,85788,settled
pay-000666,ord-00538,2026-07-08,17363,settled
pay-000667,ord-00538,2026-07-09,17364,settled
pay-000668,ord-00539,2026-03-20,138867,settled
pay-000669,ord-00540,2026-08-09,56650,settled
pay-000670,ord-00542,2025-11-14,45301,settled
pay-000671,ord-00543,2026-06-20,96363,settled
pay-000672,ord-00544,2026-05-08,13918,settled
pay-000673,ord-00544,2026-05-09,13919,settled
pay-000674,ord-00545,2026-07-13,91216,settled
pay-000675,ord-00546,2026-03-24,56367,settled
pay-000676,ord-00547,2026-02-21,36724,settled
pay-000677,ord-00547,2026-02-22,36725,settled
pay-000678,ord-00548,2026-08-10,11063,settled
pay-000679,ord-00549,2026-01-22,34487,settled
pay-000680,ord-00550,2026-02-09,21042,settled
pay-000681,ord-00550,2026-02-10,21042,settled
pay-000682,ord-00551,2026-08-17,27835,settled
pay-000683,ord-00552,2026-09-17,34827,settled
pay-000684,ord-00553,2026-05-15,38311,settled
pay-000685,ord-00553,2026-05-16,38312,settled
pay-000686,ord-00554,2026-07-13,21277,settled
pay-000687,ord-00555,2026-04-22,29093,settled
pay-000688,ord-00556,2026-08-01,47015,settled
pay-000689,ord-00556,2026-08-02,47016,settled
pay-000690,ord-00557,2026-08-29,33258,settled
pay-000691,ord-00558,2026-04-04,42910,settled
pay-000692,ord-00559,2026-05-14,31689,settled
pay-000693,ord-00559,2026-05-15,31689,settled
pay-000694,ord-00560,2026-08-08,50984,settled
pay-000695,ord-00561,2026-07-24,32823,settled
pay-000696,ord-00562,2026-05-14,36873,settled
pay-000697,ord-00562,2026-05-15,36873,settled
pay-000698,ord-00563,2025-12-05,45726,settled
pay-000699,ord-00564,2025-10-22,10924,settled
pay-000700,ord-00565,2026-05-12,5660,settled
pay-000701,ord-00565,2026-05-13,5660,settled
pay-000702,ord-00566,2026-05-30,32806,settled
pay-000703,ord-00567,2026-06-24,21401,settled
pay-000704,ord-00568,2026-06-07,28265,settled
pay-000705,ord-00568,2026-06-08,28266,settled
pay-000706,ord-00569,2026-07-04,78730,settled
pay-000707,ord-00570,2026-09-17,33974,settled
pay-000708,ord-00571,2026-08-08,37211,settled
pay-000709,ord-00571,2026-08-09,37211,settled
pay-000710,ord-00572,2026-09-07,3856,pending
pay-000711,ord-00573,2026-05-30,60829,settled
pay-000712,ord-00574,2026-03-12,8763,settled
pay-000713,ord-00574,2026-03-13,8763,settled
pay-000714,ord-00575,2026-09-17,3784,pending
pay-000715,ord-00576,2026-05-28,22572,settled
pay-000716,ord-00577,2026-09-01,5798,settled
pay-000717,ord-00577,2026-09-02,5798,settled
pay-000718,ord-00578,2026-08-13,42752,settled
pay-000719,ord-00579,2026-06-26,138597,settled
pay-000720,ord-00580,2026-05-28,17328,settled
pay-000721,ord-00580,2026-05-29,17329,settled
pay-000722,ord-00581,2025-12-18,28563,settled
pay-000723,ord-00582,2026-01-12,46134,settled
pay-000724,ord-00583,2026-03-30,28363,settled
pay-000725,ord-00583,2026-03-31,28364,settled
pay-000726,ord-00584,2026-06-22,18646,pending
pay-000727,ord-00585,2026-02-20,40812,settled
pay-000728,ord-00586,2026-05-25,28200,settled
pay-000729,ord-00586,2026-05-26,28200,settled
pay-000730,ord-00587,2026-08-22,42328,settled
pay-000731,ord-00588,2026-07-27,10951,pending
pay-000732,ord-00589,2026-04-07,23200,settled
pay-000733,ord-00589,2026-04-08,23201,settled
pay-000734,ord-00592,2026-07-18,48933,settled
pay-000735,ord-00592,2026-07-19,48934,settled
pay-000736,ord-00593,2026-06-08,31826,settled
pay-000737,ord-00594,2026-08-18,54131,settled
pay-000738,ord-00595,2026-07-08,30508,settled
pay-000739,ord-00595,2026-07-09,30508,settled
pay-000740,ord-00596,2026-02-09,67304,settled
pay-000741,ord-00597,2026-07-15,52392,settled
pay-000742,ord-00598,2026-09-07,11351,settled
pay-000743,ord-00598,2026-09-08,11352,settled
pay-000744,ord-00599,2026-05-28,14735,pending
pay-000745,ord-00600,2026-03-01,25874,pending
pay-000746,ord-00601,2026-06-16,25312,settled
pay-000747,ord-00601,2026-06-17,25313,settled
pay-000748,ord-00602,2026-09-17,58092,settled
pay-000749,ord-00603,2026-02-19,17745,settled
pay-000750,ord-00604,2026-01-12,18056,settled
pay-000751,ord-00604,2026-01-13,18057,settled
pay-000752,ord-00605,2026-08-01,20365,settled
pay-000753,ord-00606,2026-04-26,36075,settled
pay-000754,ord-00608,2026-06-15,11389,settled
pay-000755,ord-00609,2026-07-01,85349,settled
pay-000756,ord-00610,2026-04-01,7147,pending
pay-000757,ord-00611,2026-07-15,87196,settled
pay-000758,ord-00613,2026-06-06,38281,settled
pay-000759,ord-00613,2026-06-07,38281,settled
pay-000760,ord-00614,2026-01-01,89109,settled
pay-000761,ord-00615,2026-08-22,33620,settled
pay-000762,ord-00616,2026-08-01,18465,pending
pay-000763,ord-00617,2026-09-18,18076,pending
pay-000764,ord-00618,2026-05-23,76032,settled
pay-000765,ord-00619,2026-04-15,10403,settled
pay-000766,ord-00619,2026-04-16,10403,settled
pay-000767,ord-00620,2026-06-25,28699,settled
pay-000768,ord-00621,2026-06-24,27846,settled
pay-000769,ord-00622,2026-01-09,36956,settled
pay-000770,ord-00622,2026-01-10,36956,settled
pay-000771,ord-00623,2026-08-26,86562,settled
pay-000772,ord-00624,2026-06-09,55191,settled
pay-000773,ord-00625,2026-02-08,16464,settled
pay-000774,ord-00625,2026-02-09,16464,settled
pay-000775,ord-00626,2026-02-22,55435,settled
pay-000776,ord-00627,2026-07-14,84562,settled
pay-000777,ord-00628,2026-08-26,23136,settled
pay-000778,ord-00628,2026-08-27,23137,settled
pay-000779,ord-00629,2026-04-26,18633,pending
pay-000780,ord-00630,2026-09-08,94375,settled
pay-000781,ord-00631,2026-08-25,40732,settled
pay-000782,ord-00631,2026-08-26,40733,settled
pay-000783,ord-00632,2026-04-18,11569,settled
pay-000784,ord-00633,2026-06-24,22776,settled
pay-000785,ord-00634,2026-05-28,5742,settled
pay-000786,ord-00634,2026-05-29,5742,settled
pay-000787,ord-00635,2026-05-05,14758,pending
pay-000788,ord-00636,2026-03-26,99555,settled
pay-000789,ord-00637,2026-07-10,10074,settled
pay-000790,ord-00637,2026-07-11,10074,settled
pay-000791,ord-00638,2026-05-28,74091,settled
pay-000792,ord-00639,2026-08-22,62487,settled
pay-000793,ord-00640,2026-04-26,10461,settled
pay-000794,ord-00640,2026-04-27,10462,settled
pay-000795,ord-00641,2026-06-29,85122,settled
pay-000796,ord-00642,2026-05-24,63770,settled
pay-000797,ord-00643,2026-09-08,19292,pending
pay-000798,ord-00644,2026-03-08,95998,settled
pay-000799,ord-00645,2026-06-04,123820,settled
pay-000800,ord-00646,2026-06-18,9269,pending
pay-000801,ord-00647,2026-04-04,55266,settled
pay-000802,ord-00648,2026-03-30,67922,settled
pay-000803,ord-00649,2026-04-04,42618,settled
pay-000804,ord-00649,2026-04-05,42618,settled
pay-000805,ord-00650,2026-06-07,87648,settled
pay-000806,ord-00651,2026-08-13,33661,settled
pay-000807,ord-00652,2026-02-02,42821,settled
pay-000808,ord-00652,2026-02-03,42821,settled
pay-000809,ord-00653,2026-05-04,22097,settled
pay-000810,ord-00654,2025-12-08,3872,pending
pay-000811,ord-00655,2026-06-22,10393,settled
pay-000812,ord-00655,2026-06-23,10393,settled
pay-000813,ord-00656,2026-07-06,46521,settled
pay-000814,ord-00659,2026-07-23,59788,settled
pay-000815,ord-00660,2025-11-27,55636,settled
pay-000816,ord-00661,2026-04-14,58737,settled
pay-000817,ord-00661,2026-04-15,58738,settled
pay-000818,ord-00662,2026-06-13,20712,settled
pay-000819,ord-00663,2026-05-28,17948,settled
pay-000820,ord-00664,2026-08-20,25894,settled
pay-000821,ord-00664,2026-08-21,25894,settled
pay-000822,ord-00665,2026-09-07,34795,settled
pay-000823,ord-00666,2026-06-11,36104,settled
pay-000824,ord-00667,2026-05-28,26358,settled
pay-000825,ord-00667,2026-05-29,26359,settled
pay-000826,ord-00668,2026-08-31,52964,settled
pay-000827,ord-00669,2026-04-16,32573,settled
pay-000828,ord-00670,2026-05-29,26999,settled
pay-000829,ord-00670,2026-05-30,27000,settled
pay-000830,ord-00671,2025-11-05,28865,settled
pay-000831,ord-00672,2025-12-05,90070,settled
pay-000832,ord-00673,2026-05-28,16647,settled
pay-000833,ord-00673,2026-05-29,16648,settled
pay-000834,ord-00674,2026-07-15,69607,settled
pay-000835,ord-00675,2026-06-19,61490,settled
pay-000836,ord-00676,2026-01-14,16427,settled
pay-000837,ord-00676,2026-01-15,16427,settled
pay-000838,ord-00677,2026-08-24,11118,pending
pay-000839,ord-00678,2026-05-21,33780,settled
pay-000840,ord-00679,2026-08-19,5599,settled
pay-000841,ord-00679,2026-08-20,5600,settled
pay-000842,ord-00680,2026-03-24,54646,settled
pay-000843,ord-00682,2025-12-11,43821,settled
pay-000844,ord-00682,2025-12-12,43822,settled
pay-000845,ord-00683,2025-12-16,11294,pending
pay-000846,ord-00684,2026-06-04,49264,settled
pay-000847,ord-00685,2026-03-15,41670,settled
pay-000848,ord-00685,2026-03-16,41671,settled
pay-000849,ord-00686,2026-04-29,11294,settled
pay-000850,ord-00687,2025-09-27,78189,settled
pay-000851,ord-00689,2026-09-15,33461,settled
pay-000852,ord-00690,2026-09-15,53812,settled
pay-000853,ord-00691,2026-08-20,48135,settled
pay-000854,ord-00691,2026-08-21,48136,settled
pay-000855,ord-00692,2026-06-10,125639,settled
pay-000856,ord-00693,2025-12-28,52201,settled
pay-000857,ord-00694,2026-05-12,45243,settled
pay-000858,ord-00694,2026-05-13,45243,settled
pay-000859,ord-00695,2026-03-25,21844,settled
pay-000860,ord-00696,2026-01-09,22351,settled
pay-000861,ord-00697,2026-04-26,10620,settled
pay-000862,ord-00697,2026-04-27,10621,settled
pay-000863,ord-00698,2026-05-28,101715,settled
pay-000864,ord-00699,2025-12-09,33975,settled
pay-000865,ord-00700,2026-06-08,16928,settled
pay-000866,ord-00700,2026-06-09,16928,settled
pay-000867,ord-00701,2026-04-03,62267,settled
pay-000868,ord-00702,2026-08-29,25454,pending
pay-000869,ord-00703,2026-07-10,26203,settled
pay-000870,ord-00703,2026-07-11,26204,settled
pay-000871,ord-00704,2026-04-12,50001,settled
pay-000872,ord-00705,2026-08-25,75170,settled
pay-000873,ord-00706,2026-03-15,23050,settled
pay-000874,ord-00706,2026-03-16,23050,settled
pay-000875,ord-00707,2026-09-04,65321,settled
pay-000876,ord-00708,2026-08-09,21743,settled
pay-000877,ord-00709,2025-11-07,5719,settled
pay-000878,ord-00709,2025-11-08,5719,settled
pay-000879,ord-00710,2026-09-02,23185,settled
pay-000880,ord-00713,2026-07-18,11333,settled
pay-000881,ord-00715,2026-08-15,38415,settled
pay-000882,ord-00715,2026-08-16,38416,settled
pay-000883,ord-00716,2026-09-01,34909,settled
pay-000884,ord-00717,2026-07-10,32528,settled
pay-000885,ord-00718,2026-05-16,33054,settled
pay-000886,ord-00718,2026-05-17,33054,settled
pay-000887,ord-00719,2026-05-14,31628,settled
pay-000888,ord-00720,2026-06-05,44611,settled
pay-000889,ord-00721,2025-12-29,27960,settled
pay-000890,ord-00721,2025-12-30,27961,settled
pay-000891,ord-00722,2025-10-21,60276,settled
pay-000892,ord-00723,2026-06-21,28111,settled
pay-000893,ord-00724,2026-09-09,34692,settled
pay-000894,ord-00724,2026-09-10,34693,settled
pay-000895,ord-00725,2026-03-10,11016,settled
pay-000896,ord-00726,2026-05-04,51976,settled
pay-000897,ord-00727,2025-10-24,16425,settled
pay-000898,ord-00727,2025-10-25,16426,settled
pay-000899,ord-00728,2026-08-07,60075,settled
pay-000900,ord-00729,2026-09-03,116665,settled
pay-000901,ord-00730,2026-04-25,25501,settled
pay-000902,ord-00730,2026-04-26,25501,settled
pay-000903,ord-00731,2025-12-29,94301,settled
pay-000904,ord-00732,2026-01-27,91679,settled
pay-000905,ord-00733,2026-03-09,8802,settled
pay-000906,ord-00733,2026-03-10,8803,settled
pay-000907,ord-00734,2026-08-07,10974,settled
pay-000908,ord-00735,2026-03-26,22330,settled
pay-000909,ord-00736,2025-12-20,36205,settled
pay-000910,ord-00736,2025-12-21,36205,settled
pay-000911,ord-00737,2026-03-14,96631,settled
pay-000912,ord-00738,2026-01-19,34375,settled
pay-000913,ord-00739,2026-08-03,21852,settled
pay-000914,ord-00739,2026-08-04,21853,settled
pay-000915,ord-00740,2026-06-25,85470,settled
pay-000916,ord-00741,2026-06-20,65282,settled
pay-000917,ord-00742,2026-08-20,11308,settled
pay-000918,ord-00742,2026-08-21,11308,settled
pay-000919,ord-00743,2026-07-11,45055,settled
pay-000920,ord-00744,2026-04-28,11513,settled
pay-000921,ord-00745,2026-08-17,23177,settled
pay-000922,ord-00745,2026-08-18,23178,settled
pay-000923,ord-00746,2025-10-11,85349,settled
pay-000924,ord-00747,2026-01-12,33093,settled
pay-000925,ord-00749,2026-05-22,91235,settled
pay-000926,ord-00750,2026-02-25,66667,settled
pay-000927,ord-00752,2026-07-09,66356,settled
pay-000928,ord-00753,2026-09-09,79469,settled
pay-000929,ord-00754,2026-04-20,16474,settled
pay-000930,ord-00754,2026-04-21,16475,settled
pay-000931,ord-00755,2025-11-27,76785,settled
pay-000932,ord-00756,2026-05-08,41506,settled
pay-000933,ord-00757,2025-11-08,12003,pending
pay-000934,ord-00758,2026-04-22,11188,pending
pay-000935,ord-00759,2026-09-14,77492,settled
pay-000936,ord-00760,2026-07-02,21209,settled
pay-000937,ord-00760,2026-07-03,21210,settled
pay-000938,ord-00761,2026-06-08,80654,settled
pay-000939,ord-00762,2026-08-11,21922,settled
pay-000940,ord-00763,2026-09-06,16539,settled
pay-000941,ord-00763,2026-09-07,16539,settled
pay-000942,ord-00764,2026-07-23,20785,settled
pay-000943,ord-00765,2026-08-13,62969,settled
pay-000944,ord-00766,2026-07-25,21701,settled
pay-000945,ord-00766,2026-07-26,21701,settled
pay-000946,ord-00767,2026-08-28,61504,settled
pay-000947,ord-00768,2026-01-11,34373,settled
pay-000948,ord-00769,2026-01-12,5660,settled
pay-000949,ord-00769,2026-01-13,5660,settled
pay-000950,ord-00771,2026-07-26,18083,settled
pay-000951,ord-00772,2026-09-09,11236,settled
pay-000952,ord-00772,2026-09-10,11237,settled
pay-000953,ord-00773,2026-02-04,57719,settled
pay-000954,ord-00774,2026-04-01,65814,settled
pay-000955,ord-00775,2026-06-15,11460,settled
pay-000956,ord-00775,2026-06-16,11461,settled
pay-000957,ord-00776,2026-01-27,29012,settled
pay-000958,ord-00777,2025-10-25,47320,settled
pay-000959,ord-00778,2026-04-28,22368,settled
pay-000960,ord-00778,2026-04-29,22369,settled
pay-000961,ord-00779,2026-02-11,70142,settled
pay-000962,ord-00780,2026-07-09,83344,settled
pay-000963,ord-00781,2026-04-14,5533,settled
pay-000964,ord-00781,2026-04-15,5534,settled
pay-000965,ord-00782,2026-09-09,62670,settled
pay-000966,ord-00783,2026-06-25,137868,settled
pay-000967,ord-00784,2026-09-09,29230,settled
pay-000968,ord-00784,2026-09-10,29230,settled
pay-000969,ord-00785,2026-08-11,34477,settled
pay-000970,ord-00786,2026-08-17,10971,settled
pay-000971,ord-00788,2026-08-06,33992,settled
pay-000972,ord-00789,2026-09-06,45295,settled
pay-000973,ord-00790,2026-01-22,14589,settled
pay-000974,ord-00790,2026-01-23,14590,settled
pay-000975,ord-00791,2026-06-22,9574,pending
pay-000976,ord-00792,2026-08-09,28746,settled
pay-000977,ord-00794,2026-03-13,62554,settled
pay-000978,ord-00795,2026-09-13,10966,pending
pay-000979,ord-00796,2026-02-17,17905,pending
pay-000980,ord-00797,2025-12-27,56266,settled
pay-000981,ord-00798,2026-03-19,5850,pending
pay-000982,ord-00799,2026-07-29,39946,settled
pay-000983,ord-00799,2026-07-30,39946,settled
pay-000984,ord-00800,2026-07-01,68698,settled
pay-000985,ord-00801,2026-08-28,14686,pending
pay-000986,ord-00802,2026-08-22,10560,settled
pay-000987,ord-00802,2026-08-23,10560,settled
pay-000988,ord-00803,2026-07-01,10952,settled
pay-000989,ord-00804,2026-07-14,40479,settled
pay-000990,ord-00805,2026-07-14,20472,settled
pay-000991,ord-00805,2026-07-15,20472,settled
pay-000992,ord-00806,2026-01-12,21664,settled
pay-000993,ord-00807,2026-07-12,19958,settled
pay-000994,ord-00808,2025-12-22,11056,settled
pay-000995,ord-00808,2025-12-23,11057,settled
pay-000996,ord-00809,2026-08-25,22062,settled
pay-000997,ord-00810,2026-06-21,11393,settled
pay-000998,ord-00811,2025-12-16,11082,settled
pay-000999,ord-00811,2025-12-17,11083,settled
pay-001000,ord-00812,2026-07-24,82190,settled
pay-001001,ord-00813,2026-09-04,20986,pending
pay-001002,ord-00814,2026-08-09,43038,settled
pay-001003,ord-00814,2026-08-10,43039,settled
pay-001004,ord-00815,2026-08-27,54594,settled
pay-001005,ord-00816,2026-01-15,77221,settled
pay-001006,ord-00817,2026-03-17,35412,pending
pay-001007,ord-00818,2026-06-09,57174,settled
pay-001008,ord-00819,2026-08-22,33127,settled
pay-001009,ord-00820,2026-04-20,16821,settled
pay-001010,ord-00820,2026-04-21,16821,settled
pay-001011,ord-00821,2026-09-09,96517,settled
pay-001012,ord-00822,2026-08-06,77298,settled
pay-001013,ord-00823,2026-03-07,17288,settled
pay-001014,ord-00823,2026-03-08,17289,settled
pay-001015,ord-00824,2026-08-13,11220,settled
pay-001016,ord-00825,2026-06-29,22287,settled
pay-001017,ord-00826,2026-07-09,27546,settled
pay-001018,ord-00826,2026-07-10,27546,settled
pay-001019,ord-00827,2026-07-01,74310,settled
pay-001020,ord-00828,2026-05-24,10897,settled
pay-001021,ord-00829,2026-07-18,11244,settled
pay-001022,ord-00829,2026-07-19,11244,settled
pay-001023,ord-00830,2026-08-09,22647,settled
pay-001024,ord-00831,2026-08-16,11043,settled
pay-001025,ord-00832,2026-06-01,28260,settled
pay-001026,ord-00832,2026-06-02,28261,settled
pay-001027,ord-00833,2026-09-03,89662,settled
pay-001028,ord-00834,2026-08-26,79486,settled
pay-001029,ord-00835,2026-07-06,46816,settled
pay-001030,ord-00835,2026-07-07,46817,settled
pay-001031,ord-00836,2026-06-09,31800,settled
pay-001032,ord-00837,2026-05-29,54119,settled
pay-001033,ord-00838,2026-08-13,11350,settled
pay-001034,ord-00838,2026-08-14,11351,settled
pay-001035,ord-00839,2026-04-29,66452,settled
pay-001036,ord-00840,2026-01-01,64638,settled
pay-001037,ord-00841,2026-06-30,36207,settled
pay-001038,ord-00841,2026-07-01,36207,settled
pay-001039,ord-00842,2026-06-23,21698,settled
pay-001040,ord-00843,2026-01-09,55377,settled
pay-001041,ord-00844,2026-08-29,5418,settled
pay-001042,ord-00844,2026-08-30,5418,settled
pay-001043,ord-00845,2026-08-10,39813,settled
pay-001044,ord-00847,2026-09-21,3704,pending
pay-001045,ord-00848,2026-05-02,22768,settled
pay-001046,ord-00849,2026-04-03,32962,settled
pay-001047,ord-00850,2026-07-20,46482,settled
pay-001048,ord-00850,2026-07-21,46482,settled
pay-001049,ord-00851,2025-12-28,127904,settled
pay-001050,ord-00852,2026-07-05,6907,pending
pay-001051,ord-00853,2026-09-01,17417,settled
pay-001052,ord-00853,2026-09-02,17418,settled
pay-001053,ord-00854,2026-03-02,72311,settled
pay-001054,ord-00855,2026-07-11,61132,settled
pay-001055,ord-00856,2026-09-01,17195,settled
pay-001056,ord-00856,2026-09-02,17196,settled
pay-001057,ord-00857,2026-08-15,10845,pending
pay-001058,ord-00858,2026-06-22,20012,settled
pay-001059,ord-00859,2026-02-04,38748,settled
pay-001060,ord-00859,2026-02-05,38748,settled
pay-001061,ord-00860,2026-08-24,34343,settled
pay-001062,ord-00861,2026-08-12,53761,settled
pay-001063,ord-00862,2026-01-21,59186,settled
pay-001064,ord-00862,2026-01-22,59186,settled
pay-001065,ord-00863,2026-02-11,45764,settled
pay-001066,ord-00864,2026-06-06,50621,settled
pay-001067,ord-00865,2026-09-19,5703,settled
pay-001068,ord-00865,2026-09-20,5703,settled
pay-001069,ord-00866,2026-01-21,11209,settled
pay-001070,ord-00867,2026-06-10,23079,settled
pay-001071,ord-00868,2026-02-15,26442,pending
pay-001072,ord-00869,2025-11-04,33924,settled
pay-001073,ord-00870,2026-09-08,45009,settled
pay-001074,ord-00871,2026-08-23,10644,settled
pay-001075,ord-00871,2026-08-24,10645,settled
pay-001076,ord-00872,2026-08-20,83355,settled
pay-001077,ord-00873,2025-12-22,56838,settled
pay-001078,ord-00874,2026-04-25,5680,settled
pay-001079,ord-00874,2026-04-26,5681,settled
pay-001080,ord-00875,2026-03-07,21910,settled
pay-001081,ord-00876,2026-08-27,105064,settled
pay-001082,ord-00877,2026-09-13,5770,settled
pay-001083,ord-00877,2026-09-14,5770,settled
pay-001084,ord-00878,2025-11-01,74377,settled
pay-001085,ord-00879,2026-08-18,50474,settled
pay-001086,ord-00880,2026-07-20,10851,settled
pay-001087,ord-00880,2026-07-21,10852,settled
pay-001088,ord-00881,2026-04-03,28419,settled
pay-001089,ord-00882,2026-05-24,33926,settled
pay-001090,ord-00883,2025-11-16,24078,settled
pay-001091,ord-00883,2025-11-17,24078,settled
pay-001092,ord-00884,2026-09-07,11622,settled
pay-001093,ord-00885,2026-04-04,88540,settled
pay-001094,ord-00886,2026-07-02,28965,settled
pay-001095,ord-00886,2026-07-03,28965,settled
pay-001096,ord-00887,2026-05-17,17505,settled
pay-001097,ord-00888,2026-06-05,40517,settled
pay-001098,ord-00889,2026-08-08,27014,settled
pay-001099,ord-00889,2026-08-09,27014,settled
pay-001100,ord-00891,2026-06-29,23042,settled
pay-001101,ord-00892,2026-06-19,28503,settled
pay-001102,ord-00892,2026-06-20,28503,settled
pay-001103,ord-00893,2026-02-17,22714,settled
pay-001104,ord-00894,2026-03-01,32544,settled
pay-001105,ord-00895,2026-09-16,16994,settled
pay-001106,ord-00895,2026-09-17,16995,settled
pay-001107,ord-00896,2026-01-14,45188,settled
pay-001108,ord-00897,2026-04-15,67831,settled
pay-001109,ord-00898,2026-07-09,22662,settled
pay-001110,ord-00898,2026-07-10,22662,settled
pay-001111,ord-00899,2026-04-26,56320,settled
pay-001112,ord-00900,2026-03-26,61836,settled
pay-001113,ord-00901,2026-09-13,21157,pending
pay-001114,ord-00902,2026-08-29,88578,settled
pay-001115,ord-00903,2026-07-18,34043,settled
pay-001116,ord-00905,2026-09-06,22738,settled
pay-001117,ord-00906,2026-04-28,64785,settled
pay-001118,ord-00907,2026-09-09,13971,settled
pay-001119,ord-00907,2026-09-10,13972,settled
pay-001120,ord-00908,2026-05-29,33534,settled
pay-001121,ord-00909,2026-08-29,10949,settled
pay-001122,ord-00910,2026-03-26,23949,pending
pay-001123,ord-00911,2026-08-25,10913,settled
pay-001124,ord-00912,2026-06-25,23041,settled
pay-001125,ord-00914,2026-08-06,34691,settled
pay-001126,ord-00915,2026-04-10,11585,settled
pay-001127,ord-00916,2026-09-03,21426,settled
pay-001128,ord-00916,2026-09-04,21427,settled
pay-001129,ord-00917,2026-08-27,68337,settled
pay-001130,ord-00918,2025-12-09,40604,settled
pay-001131,ord-00919,2026-07-25,51184,settled
pay-001132,ord-00919,2026-07-26,51185,settled
pay-001133,ord-00920,2026-08-25,49877,settled
pay-001134,ord-00921,2026-07-17,58124,settled
pay-001135,ord-00922,2025-10-25,41405,settled
pay-001136,ord-00922,2025-10-26,41406,settled
pay-001137,ord-00923,2026-06-11,19919,pending
pay-001138,ord-00924,2026-05-29,35909,settled
pay-001139,ord-00925,2026-03-21,20562,settled
pay-001140,ord-00925,2026-03-22,20563,settled
pay-001141,ord-00926,2026-07-28,11513,settled
pay-001142,ord-00927,2026-04-29,57286,settled
pay-001143,ord-00928,2026-07-09,11481,pending
pay-001144,ord-00929,2026-02-11,17964,pending
pay-001145,ord-00930,2026-05-04,56793,settled
pay-001146,ord-00931,2026-01-21,5458,settled
pay-001147,ord-00931,2026-01-22,5458,settled
pay-001148,ord-00932,2026-08-18,56927,settled
pay-001149,ord-00933,2026-08-16,54679,settled
pay-001150,ord-00934,2026-02-04,43284,settled
pay-001151,ord-00934,2026-02-05,43285,settled
pay-001152,ord-00935,2026-06-24,3874,pending
pay-001153,ord-00936,2026-09-05,84543,settled
pay-001154,ord-00937,2026-08-04,5793,settled
pay-001155,ord-00937,2026-08-05,5793,settled
pay-001156,ord-00938,2026-08-22,87417,settled
pay-001157,ord-00939,2026-07-14,11379,settled
pay-001158,ord-00940,2026-06-19,10030,settled
pay-001159,ord-00940,2026-06-20,10031,settled
pay-001160,ord-00941,2026-03-27,23051,settled
pay-001161,ord-00942,2026-09-06,11440,settled
pay-001162,ord-00943,2026-08-26,5768,settled
pay-001163,ord-00943,2026-08-27,5769,settled
pay-001164,ord-00944,2026-04-30,55697,settled
pay-001165,ord-00945,2026-08-09,29061,settled
pay-001166,ord-00946,2026-07-13,43444,settled
pay-001167,ord-00946,2026-07-14,43444,settled
pay-001168,ord-00947,2026-06-16,69202,settled
pay-001169,ord-00948,2026-07-17,53722,settled
pay-001170,ord-00949,2026-06-09,28188,settled
pay-001171,ord-00949,2026-06-10,28189,settled
pay-001172,ord-00950,2026-07-09,11579,settled
pay-001173,ord-00951,2026-06-24,22718,settled
pay-001174,ord-00952,2026-03-21,68574,settled
pay-001175,ord-00952,2026-03-22,68575,settled
pay-001176,ord-00953,2026-06-25,130391,settled
pay-001177,ord-00954,2026-03-19,11180,settled
pay-001178,ord-00955,2026-03-16,21293,settled
pay-001179,ord-00955,2026-03-17,21294,settled
pay-001180,ord-00956,2026-06-04,34580,settled
pay-001181,ord-00957,2026-02-16,44158,settled
pay-001182,ord-00958,2026-01-28,3622,pending
pay-001183,ord-00959,2026-08-18,21413,settled
pay-001184,ord-00960,2026-01-27,88903,settled
pay-001185,ord-00961,2026-01-21,37479,settled
pay-001186,ord-00961,2026-01-22,37479,settled
pay-001187,ord-00962,2025-11-22,41839,settled
pay-001188,ord-00963,2026-04-25,32720,settled
pay-001189,ord-00964,2026-07-16,38863,settled
pay-001190,ord-00964,2026-07-17,38863,settled
pay-001191,ord-00966,2026-07-15,11476,settled
pay-001192,ord-00967,2026-08-15,17697,settled
pay-001193,ord-00967,2026-08-16,17697,settled
pay-001194,ord-00968,2026-01-12,23283,settled
pay-001195,ord-00969,2026-05-07,14801,pending
pay-001196,ord-00970,2026-06-13,47636,settled
pay-001197,ord-00970,2026-06-14,47637,settled
pay-001198,ord-00971,2026-05-17,22085,settled
pay-001199,ord-00972,2025-12-13,94124,settled
pay-001200,ord-00973,2026-04-30,27659,settled
pay-001201,ord-00973,2026-05-01,27660,settled
pay-001202,ord-00974,2026-07-23,56325,settled
pay-001203,ord-00975,2026-07-20,33640,settled
pay-001204,ord-00976,2026-08-29,3870,pending
pay-001205,ord-00977,2026-07-18,11395,settled
pay-001206,ord-00979,2026-01-15,16834,settled
pay-001207,ord-00979,2026-01-16,16835,settled
pay-001208,ord-00980,2026-06-28,54341,settled
pay-001209,ord-00981,2026-04-28,7718,pending
pay-001210,ord-00982,2026-01-24,29605,settled
pay-001211,ord-00982,2026-01-25,29606,settled
pay-001212,ord-00983,2026-01-23,11081,pending
pay-001213,ord-00984,2026-07-17,11460,pending
pay-001214,ord-00985,2026-03-09,16363,settled
pay-001215,ord-00985,2026-03-10,16364,settled
pay-001216,ord-00986,2026-03-01,84900,settled
pay-001217,ord-00987,2026-09-17,102814,settled
pay-001218,ord-00988,2026-09-06,14626,settled
pay-001219,ord-00988,2026-09-07,14626,settled
pay-001220,ord-00989,2026-05-29,64630,settled
pay-001221,ord-00990,2026-01-27,22321,settled
pay-001222,ord-00991,2026-07-06,5625,settled
pay-001223,ord-00991,2026-07-07,5625,settled
pay-001224,ord-00992,2026-06-24,34255,settled
pay-001225,ord-00993,2026-01-25,88047,settled
pay-001226,ord-00994,2026-07-02,44090,settled
pay-001227,ord-00994,2026-07-03,44091,settled
pay-001228,ord-00995,2026-02-11,54343,settled
pay-001229,ord-00996,2026-01-23,117614,settled
pay-001230,ord-00997,2026-06-28,8727,settled
pay-001231,ord-00997,2026-06-29,8727,settled
pay-001232,ord-00998,2026-04-08,32053,pending
pay-001233,ord-00999,2026-07-09,17334,pending
pay-001234,ord-01000,2026-08-03,9179,settled
pay-001235,ord-01000,2026-08-04,9179,settled
pay-001236,ord-01001,2026-08-26,23263,settled
pay-001237,ord-01002,2026-06-20,105511,settled
pay-001238,ord-01003,2026-08-09,25710,settled
pay-001239,ord-01003,2026-08-10,25711,settled
pay-001240,ord-01004,2026-07-02,66000,settled
pay-001241,ord-01005,2026-07-11,61360,settled
pay-001242,ord-01007,2026-04-15,61108,settled
pay-001243,ord-01008,2026-04-03,78902,settled
pay-001244,ord-01009,2026-06-29,16903,settled
pay-001245,ord-01009,2026-06-30,16903,settled
pay-001246,ord-01010,2026-09-01,11283,settled
pay-001247,ord-01011,2026-01-25,28830,settled
pay-001248,ord-01012,2026-01-17,28140,settled
pay-001249,ord-01012,2026-01-18,28140,settled
pay-001250,ord-01013,2026-02-19,17332,settled
pay-001251,ord-01014,2026-07-20,23285,settled
pay-001252,ord-01015,2026-02-05,6948,pending
pay-001253,ord-01016,2026-05-16,18425,settled
pay-001254,ord-01017,2026-05-09,89762,settled
pay-001255,ord-01018,2026-07-22,16590,settled
pay-001256,ord-01018,2026-07-23,16591,settled
pay-001257,ord-01019,2026-09-05,52216,settled
pay-001258,ord-01020,2026-08-20,22460,settled
pay-001259,ord-01021,2026-08-03,40350,settled
pay-001260,ord-01021,2026-08-04,40350,settled
pay-001261,ord-01022,2026-07-01,83698,settled
pay-001262,ord-01023,2026-08-21,32679,settled
pay-001263,ord-01024,2026-08-30,11531,settled
pay-001264,ord-01024,2026-08-31,11532,settled
pay-001265,ord-01025,2026-06-08,11301,settled
pay-001266,ord-01026,2026-06-15,83968,settled
pay-001267,ord-01027,2026-07-06,13382,pending
pay-001268,ord-01028,2026-06-13,68794,settled
pay-001269,ord-01029,2026-08-11,20121,settled
pay-001270,ord-01030,2026-05-28,5430,settled
pay-001271,ord-01030,2026-05-29,5430,settled
pay-001272,ord-01031,2026-02-16,22224,settled
pay-001273,ord-01032,2026-09-13,35226,settled
pay-001274,ord-01033,2026-06-28,54286,settled
pay-001275,ord-01033,2026-06-29,54286,settled
pay-001276,ord-01034,2026-02-06,88729,settled
pay-001277,ord-01035,2026-06-25,22047,settled
pay-001278,ord-01036,2025-12-24,26998,settled
pay-001279,ord-01036,2025-12-25,26999,settled
pay-001280,ord-01037,2026-05-14,22877,settled
pay-001281,ord-01038,2026-05-28,147150,settled
pay-001282,ord-01039,2026-09-17,5525,settled
pay-001283,ord-01039,2026-09-18,5525,settled
pay-001284,ord-01040,2026-06-21,22868,settled
pay-001285,ord-01041,2026-09-07,10857,settled
pay-001286,ord-01042,2026-02-11,7370,pending
pay-001287,ord-01043,2026-06-28,42607,settled
pay-001288,ord-01044,2025-12-10,32892,settled
pay-001289,ord-01045,2026-07-09,23185,settled
pay-001290,ord-01045,2026-07-10,23186,settled
pay-001291,ord-01046,2026-09-10,22556,settled
pay-001292,ord-01047,2026-08-30,64030,settled
pay-001293,ord-01048,2025-12-29,17008,settled
pay-001294,ord-01048,2025-12-30,17008,settled
pay-001295,ord-01049,2026-05-09,35662,settled
pay-001296,ord-01050,2026-08-26,33476,settled
pay-001297,ord-01051,2026-05-16,15905,settled
pay-001298,ord-01051,2026-05-17,15905,settled
pay-001299,ord-01052,2026-02-28,33815,settled
pay-001300,ord-01053,2025-12-14,83883,settled
pay-001301,ord-01054,2026-08-07,9354,pending
pay-001302,ord-01055,2026-02-04,93343,settled
pay-001303,ord-01056,2026-01-18,106033,settled
pay-001304,ord-01057,2026-08-31,28120,settled
pay-001305,ord-01057,2026-09-01,28121,settled
pay-001306,ord-01058,2026-05-12,11853,pending
pay-001307,ord-01059,2026-09-12,11641,settled
pay-001308,ord-01060,2026-05-30,25539,settled
pay-001309,ord-01060,2026-05-31,25539,settled
pay-001310,ord-01061,2026-08-22,20532,settled
pay-001311,ord-01062,2026-08-19,87547,settled
pay-001312,ord-01063,2026-08-21,6912,pending
pay-001313,ord-01064,2026-06-28,54864,settled
pay-001314,ord-01065,2025-11-03,91648,settled
pay-001315,ord-01066,2026-03-11,36874,settled
pay-001316,ord-01066,2026-03-12,36874,settled
pay-001317,ord-01067,2025-11-22,28374,settled
pay-001318,ord-01068,2026-08-09,57459,settled
pay-001319,ord-01069,2025-12-09,5755,settled
pay-001320,ord-01069,2025-12-10,5755,settled
pay-001321,ord-01070,2026-03-13,85555,settled
pay-001322,ord-01071,2026-02-11,55040,settled
pay-001323,ord-01072,2026-04-04,33187,settled
pay-001324,ord-01072,2026-04-05,33187,settled
pay-001325,ord-01073,2026-08-16,11214,settled
pay-001326,ord-01074,2026-09-16,32566,settled
pay-001327,ord-01075,2026-04-26,15989,settled
pay-001328,ord-01075,2026-04-27,15989,settled
pay-001329,ord-01076,2026-03-31,34090,settled
pay-001330,ord-01077,2025-12-12,84701,settled
pay-001331,ord-01078,2026-09-12,28455,settled
pay-001332,ord-01078,2026-09-13,28456,settled
pay-001333,ord-01079,2026-08-20,115760,settled
pay-001334,ord-01081,2026-08-31,47859,settled
pay-001335,ord-01081,2026-09-01,47859,settled
pay-001336,ord-01082,2026-04-01,17315,settled
pay-001337,ord-01083,2026-04-02,22053,settled
pay-001338,ord-01084,2026-04-14,20858,pending
pay-001339,ord-01085,2026-03-18,11355,settled
pay-001340,ord-01086,2026-06-05,57818,settled
pay-001341,ord-01087,2026-03-02,16467,settled
pay-001342,ord-01087,2026-03-03,16467,settled
pay-001343,ord-01088,2026-04-26,56899,settled
pay-001344,ord-01089,2025-12-13,91157,settled
pay-001345,ord-01090,2026-05-22,11219,settled
pay-001346,ord-01090,2026-05-23,11220,settled
pay-001347,ord-01091,2026-09-02,46834,settled
pay-001348,ord-01092,2026-03-28,34505,settled
pay-001349,ord-01093,2026-05-12,5758,settled
pay-001350,ord-01093,2026-05-13,5759,settled
pay-001351,ord-01094,2026-04-16,33444,settled
pay-001352,ord-01095,2026-06-17,83411,settled
pay-001353,ord-01097,2026-06-12,11029,settled
pay-001354,ord-01098,2026-02-09,63087,settled
pay-001355,ord-01099,2026-04-22,10561,settled
pay-001356,ord-01099,2026-04-23,10562,settled
pay-001357,ord-01100,2026-09-20,35489,settled
pay-001358,ord-01101,2026-07-23,94803,settled
pay-001359,ord-01102,2026-04-09,5745,settled
pay-001360,ord-01102,2026-04-10,5745,settled
pay-001361,ord-01103,2026-03-30,33525,settled
pay-001362,ord-01104,2026-03-21,11350,settled
pay-001363,ord-01105,2025-11-28,14575,pending
pay-001364,ord-01106,2026-04-19,98027,settled
pay-001365,ord-01107,2026-07-14,26074,pending
pay-001366,ord-01108,2025-11-11,17213,settled
pay-001367,ord-01108,2025-11-12,17213,settled
pay-001368,ord-01109,2026-09-13,11188,settled
pay-001369,ord-01110,2026-09-07,57060,settled
pay-001370,ord-01111,2026-02-04,22484,settled
pay-001371,ord-01111,2026-02-05,22485,settled
pay-001372,ord-01112,2025-12-21,28335,settled
pay-001373,ord-01113,2026-02-11,56851,settled
pay-001374,ord-01114,2026-07-29,27603,settled
pay-001375,ord-01114,2026-07-30,27604,settled
pay-001376,ord-01115,2026-05-14,21304,settled
pay-001377,ord-01116,2026-07-15,49892,settled
pay-001378,ord-01117,2026-05-14,11006,settled
pay-001379,ord-01117,2026-05-15,11007,settled
pay-001380,ord-01118,2026-08-30,86044,settled
pay-001381,ord-01119,2026-03-01,114506,settled
pay-001382,ord-01120,2026-07-17,43100,settled
pay-001383,ord-01120,2026-07-18,43100,settled
pay-001384,ord-01121,2026-05-22,20721,settled
pay-001385,ord-01122,2026-01-23,51093,settled
pay-001386,ord-01123,2026-07-10,60104,pending
pay-001387,ord-01124,2026-06-22,11459,settled
pay-001388,ord-01125,2026-06-08,64045,settled
pay-001389,ord-01126,2026-04-04,39229,settled
pay-001390,ord-01126,2026-04-05,39229,settled
pay-001391,ord-01127,2025-12-31,44832,settled
pay-001392,ord-01128,2026-08-17,22067,settled
pay-001393,ord-01129,2026-04-09,20132,settled
pay-001394,ord-01129,2026-04-10,20133,settled
pay-001395,ord-01130,2026-03-15,23314,settled
pay-001396,ord-01131,2026-05-20,22262,settled
pay-001397,ord-01132,2025-12-24,25787,settled
pay-001398,ord-01132,2025-12-25,25787,settled
pay-001399,ord-01133,2026-03-27,54943,settled
pay-001400,ord-01134,2026-05-22,21768,settled
pay-001401,ord-01135,2026-09-05,11193,settled
pay-001402,ord-01135,2026-09-06,11193,settled
pay-001403,ord-01136,2026-04-23,11052,pending
pay-001404,ord-01137,2026-04-14,34488,settled
pay-001405,ord-01138,2026-08-04,27026,settled
pay-001406,ord-01138,2026-08-05,27027,settled
pay-001407,ord-01139,2026-09-09,59316,settled
pay-001408,ord-01140,2026-02-14,71523,settled
pay-001409,ord-01141,2026-02-02,16604,settled
pay-001410,ord-01141,2026-02-03,16605,settled
pay-001411,ord-01142,2026-08-16,59139,settled
pay-001412,ord-01143,2025-10-27,17422,settled
pay-001413,ord-01144,2026-06-28,31062,settled
pay-001414,ord-01144,2026-06-29,31062,settled
pay-001415,ord-01145,2026-03-11,17819,settled
pay-001416,ord-01146,2026-04-30,41497,settled
pay-001417,ord-01147,2026-06-08,17345,settled
pay-001418,ord-01147,2026-06-09,17346,settled
pay-001419,ord-01148,2026-07-13,45290,settled
pay-001420,ord-01149,2026-01-20,18273,settled
pay-001421,ord-01150,2026-04-04,10937,settled
pay-001422,ord-01150,2026-04-05,10937,settled
pay-001423,ord-01151,2026-08-24,23279,settled
pay-001424,ord-01152,2026-01-15,58398,settled
pay-001425,ord-01153,2026-04-14,16352,settled
pay-001426,ord-01153,2026-04-15,16352,settled
pay-001427,ord-01154,2026-06-13,43495,settled
pay-001428,ord-01155,2026-05-24,43654,settled
pay-001429,ord-01157,2026-06-07,83983,settled
pay-001430,ord-01158,2026-06-14,11638,settled
pay-001431,ord-01159,2026-03-07,11638,settled
pay-001432,ord-01159,2026-03-08,11639,settled
pay-001433,ord-01160,2025-10-26,22844,settled
pay-001434,ord-01161,2026-05-09,32964,settled
pay-001435,ord-01162,2026-02-28,26090,pending
pay-001436,ord-01163,2026-08-21,62806,settled
pay-001437,ord-01164,2026-08-25,59844,settled
pay-001438,ord-01165,2026-06-01,41109,settled
pay-001439,ord-01165,2026-06-02,41109,settled
pay-001440,ord-01166,2026-08-11,40204,settled
pay-001441,ord-01168,2026-03-13,11110,settled
pay-001442,ord-01168,2026-03-14,11110,settled
pay-001443,ord-01169,2026-03-16,11584,settled
pay-001444,ord-01170,2025-11-17,43256,settled
pay-001445,ord-01171,2026-08-25,16742,settled
pay-001446,ord-01171,2026-08-26,16743,settled
pay-001447,ord-01172,2026-07-07,20888,settled
pay-001448,ord-01173,2026-09-05,81990,settled
pay-001449,ord-01174,2026-09-13,44791,settled
pay-001450,ord-01174,2026-09-14,44791,settled
pay-001451,ord-01175,2026-08-01,33676,settled
pay-001452,ord-01177,2026-02-10,5556,settled
pay-001453,ord-01177,2026-02-11,5556,settled
pay-001454,ord-01178,2026-01-28,89826,settled
pay-001455,ord-01179,2026-07-17,35038,settled
pay-001456,ord-01182,2026-02-10,69432,settled
pay-001457,ord-01183,2026-07-21,31000,settled
pay-001458,ord-01183,2026-07-22,31000,settled
pay-001459,ord-01184,2026-04-16,22358,settled
pay-001460,ord-01185,2026-07-28,93542,settled
pay-001461,ord-01186,2026-08-30,44774,settled
pay-001462,ord-01186,2026-08-31,44774,settled
pay-001463,ord-01187,2026-04-29,59026,settled
pay-001464,ord-01188,2026-06-29,55019,settled
pay-001465,ord-01189,2026-03-21,5450,settled
pay-001466,ord-01189,2026-03-22,5451,settled
pay-001467,ord-01190,2026-08-15,22763,settled
pay-001468,ord-01192,2026-08-31,17051,settled
pay-001469,ord-01192,2026-09-01,17051,settled
pay-001470,ord-01194,2026-03-06,38722,settled
pay-001471,ord-01195,2026-08-19,22824,settled
pay-001472,ord-01195,2026-08-20,22825,settled
pay-001473,ord-01196,2026-07-16,41602,settled
pay-001474,ord-01197,2026-03-06,50686,settled
pay-001475,ord-01198,2026-03-14,16784,settled
pay-001476,ord-01198,2026-03-15,16785,settled
pay-001477,ord-01200,2026-05-09,13588,pending
