id,order_item_id,quantity,status
reservation-000001,item-000001,2,released
reservation-000002,item-000002,3,released
reservation-000003,item-000003,1,released
reservation-000004,item-000004,3,released
reservation-000005,item-000005,1,released
reservation-000006,item-000006,2,active
reservation-000007,item-000007,1,active
reservation-000008,item-000008,1,released
reservation-000009,item-000009,2,released
reservation-000010,item-000010,2,active
reservation-000011,item-000011,2,released
reservation-000012,item-000012,2,released
reservation-000013,item-000013,3,released
reservation-000014,item-000014,1,released
reservation-000015,item-000015,3,released
reservation-000016,item-000016,1,released
reservation-000017,item-000017,3,active
reservation-000018,item-000018,2,released
reservation-000019,item-000019,1,active
reservation-000020,item-000020,3,released
reservation-000021,item-000021,3,released
reservation-000022,item-000022,1,released
reservation-000023,item-000023,1,released
reservation-000024,item-000024,2,released
reservation-000025,item-000025,2,released
reservation-000026,item-000026,2,released
reservation-000027,item-000027,2,released
reservation-000028,item-000028,3,released
reservation-000029,item-000029,2,released
reservation-000030,item-000030,1,released
reservation-000031,item-000031,1,released
reservation-000032,item-000032,3,released
reservation-000033,item-000033,3,released
reservation-000034,item-000034,1,active
reservation-000035,item-000035,3,released
reservation-000036,item-000036,1,released
reservation-000037,item-000037,2,released
reservation-000038,item-000038,1,released
reservation-000039,item-000039,1,released
reservation-000040,item-000040,1,released
reservation-000041,item-000041,1,released
reservation-000042,item-000042,3,released
reservation-000043,item-000043,3,released
reservation-000044,item-000044,3,released
reservation-000045,item-000045,2,released
reservation-000046,item-000046,3,released
reservation-000047,item-000047,2,released
reservation-000048,item-000048,1,active
reservation-000049,item-000049,1,released
reservation-000050,item-000050,3,active
reservation-000051,item-000051,2,active
reservation-000052,item-000052,3,active
reservation-000053,item-000053,2,released
reservation-000054,item-000054,2,released
reservation-000055,item-000055,3,released
reservation-000056,item-000056,1,released
reservation-000057,item-000057,3,released
reservation-000058,item-000058,2,released
reservation-000059,item-000059,2,released
reservation-000060,item-000060,1,released
reservation-000061,item-000061,2,released
reservation-000062,item-000062,3,released
reservation-000063,item-000063,3,released
reservation-000064,item-000064,1,released
reservation-000065,item-000065,2,released
reservation-000066,item-000066,3,released
reservation-000067,item-000067,1,active
reservation-000068,item-000068,2,released
reservation-000069,item-000069,3,released
reservation-000070,item-000070,1,released
reservation-000071,item-000071,3,released
reservation-000072,item-000072,3,released
reservation-000073,item-000073,2,released
reservation-000074,item-000074,1,released
reservation-000075,item-000075,2,active
reservation-000076,item-000076,3,active
reservation-000077,item-000077,3,active
reservation-000078,item-000078,1,released
reservation-000079,item-000079,3,released
reservation-000080,item-000080,2,active
reservation-000081,item-000081,1,released
reservation-000082,item-000082,2,active
reservation-000083,item-000083,1,released
reservation-000084,item-000084,3,released
reservation-000085,item-000085,2,active
reservation-000086,item-000086,3,active
reservation-000087,item-000087,1,released
reservation-000088,item-000088,2,released
reservation-000089,item-000089,2,released
reservation-000090,item-000090,1,released
reservation-000091,item-000091,2,released
reservation-000092,item-000092,1,released
reservation-000093,item-000093,1,released
reservation-000094,item-000094,2,released
reservation-000095,item-000095,1,released
reservation-000096,item-000096,1,released
reservation-000097,item-000097,1,released
reservation-000098,item-000098,2,released
reservation-000099,item-000099,1,released
reservation-000100,item-000100,3,released
reservation-000101,item-000101,3,released
reservation-000102,item-000102,3,released
reservation-000103,item-000103,1,released
reservation-000104,item-000104,1,released
reservation-000105,item-000105,3,released
reservation-000106,item-000106,3,released
reservation-000107,item-000107,1,released
reservation-000108,item-000108,3,active
reservation-000109,item-000109,2,released
reservation-000110,item-000110,3,released
reservation-000111,item-000111,2,active
reservation-000112,item-000112,2,active
reservation-000113,item-000113,1,active
reservation-000114,item-000114,1,released
reservation-000115,item-000115,3,released
reservation-000116,item-000116,1,released
reservation-000117,item-000117,2,released
reservation-000118,item-000118,1,active
reservation-000119,item-000119,1,active
reservation-000120,item-000120,1,released
reservation-000121,item-000121,3,released
reservation-000122,item-000122,3,active
reservation-000123,item-000123,1,active
reservation-000124,item-000124,1,released
reservation-000125,item-000125,3,released
reservation-000126,item-000126,3,released
reservation-000127,item-000127,2,released
reservation-000128,item-000128,2,released
reservation-000129,item-000129,3,released
reservation-000130,item-000130,1,released
reservation-000131,item-000131,3,released
reservation-000132,item-000132,2,active
reservation-000133,item-000133,2,released
reservation-000134,item-000134,3,released
reservation-000135,item-000135,2,released
reservation-000136,item-000136,3,released
reservation-000137,item-000137,2,released
reservation-000138,item-000138,3,released
reservation-000139,item-000139,3,active
reservation-000140,item-000140,2,active
reservation-000141,item-000141,3,released
reservation-000142,item-000142,1,released
reservation-000143,item-000143,2,released
reservation-000144,item-000144,3,released
reservation-000145,item-000145,2,released
reservation-000146,item-000146,1,released
reservation-000147,item-000147,3,released
reservation-000148,item-000148,2,released
reservation-000149,item-000149,2,released
reservation-000150,item-000150,3,released
reservation-000151,item-000151,2,released
reservation-000152,item-000152,2,released
reservation-000153,item-000153,2,active
reservation-000154,item-000154,2,active
reservation-000155,item-000155,3,active
reservation-000156,item-000156,1,released
reservation-000157,item-000157,2,released
reservation-000158,item-000158,3,released
reservation-000159,item-000159,3,released
reservation-000160,item-000160,3,released
reservation-000161,item-000161,2,released
reservation-000162,item-000162,1,released
reservation-000163,item-000163,3,released
reservation-000164,item-000164,2,released
reservation-000165,item-000165,1,released
reservation-000166,item-000166,1,released
reservation-000167,item-000167,3,active
reservation-000168,item-000168,3,released
reservation-000169,item-000169,2,released
reservation-000170,item-000170,2,released
reservation-000171,item-000171,2,released
reservation-000172,item-000172,2,active
reservation-000173,item-000173,1,active
reservation-000174,item-000174,3,released
reservation-000175,item-000175,1,released
reservation-000176,item-000176,1,released
reservation-000177,item-000177,1,released
reservation-000178,item-000178,3,released
reservation-000179,item-000179,2,released
reservation-000180,item-000180,1,released
reservation-000181,item-000181,3,released
reservation-000182,item-000182,2,released
reservation-000183,item-000183,2,released
reservation-000184,item-000184,2,active
reservation-000185,item-000185,1,active
reservation-000186,item-000186,1,active
reservation-000187,item-000187,3,active
reservation-000188,item-000188,2,released
reservation-000189,item-000189,2,released
reservation-000190,item-000190,3,released
reservation-000191,item-000191,1,released
reservation-000192,item-000192,3,released
reservation-000193,item-000193,3,released
reservation-000194,item-000194,1,released
reservation-000195,item-000195,2,released
reservation-000196,item-000196,3,released
reservation-000197,item-000197,2,released
reservation-000198,item-000198,1,released
reservation-000199,item-000199,1,released
reservation-000200,item-000200,3,active
reservation-000201,item-000201,3,released
reservation-000202,item-000202,1,released
reservation-000203,item-000203,3,released
reservation-000204,item-000204,2,released
reservation-000205,item-000205,3,released
reservation-000206,item-000206,1,released
reservation-000207,item-000207,2,released
reservation-000208,item-000208,3,released
reservation-000209,item-000209,3,released
reservation-000210,item-000210,1,active
reservation-000211,item-000211,3,active
reservation-000212,item-000212,3,released
reservation-000213,item-000213,1,active
reservation-000214,item-000214,2,active
reservation-000215,item-000215,3,released
reservation-000216,item-000216,2,released
reservation-000217,item-000217,2,released
reservation-000218,item-000218,1,released
reservation-000219,item-000219,2,released
reservation-000220,item-000220,1,released
reservation-000221,item-000221,3,released
reservation-000222,item-000222,3,released
reservation-000223,item-000223,3,released
reservation-000224,item-000224,3,released
reservation-000225,item-000225,3,released
reservation-000226,item-000226,2,released
reservation-000227,item-000227,3,released
reservation-000228,item-000228,3,active
reservation-000229,item-000229,3,active
reservation-000230,item-000230,3,released
reservation-000231,item-000231,3,released
reservation-000232,item-000232,1,released
reservation-000233,item-000233,2,active
reservation-000234,item-000234,3,active
reservation-000235,item-000235,3,released
reservation-000236,item-000236,2,released
reservation-000237,item-000237,3,released
reservation-000238,item-000238,2,released
reservation-000239,item-000239,2,released
reservation-000240,item-000240,2,active
reservation-000241,item-000241,1,active
reservation-000242,item-000242,1,released
reservation-000243,item-000243,1,released
reservation-000244,item-000244,1,released
reservation-000245,item-000245,3,released
reservation-000246,item-000246,2,released
reservation-000247,item-000247,3,released
reservation-000248,item-000248,2,released
reservation-000249,item-000249,3,released
reservation-000250,item-000250,1,released
reservation-000251,item-000251,1,released
reservation-000252,item-000252,2,released
reservation-000253,item-000253,1,released
reservation-000254,item-000254,2,released
reservation-000255,item-000255,2,released
reservation-000256,item-000256,3,released
reservation-000257,item-000257,1,active
reservation-000258,item-000258,2,active
reservation-000259,item-000259,3,active
reservation-000260,item-000260,3,active
reservation-000261,item-000261,1,active
reservation-000262,item-000262,3,released
reservation-000263,item-000263,3,released
reservation-000264,item-000264,3,released
reservation-000265,item-000265,3,released
reservation-000266,item-000266,3,released
reservation-000267,item-000267,2,released
reservation-000268,item-000268,1,active
reservation-000269,item-000269,3,active
reservation-000270,item-000270,3,released
reservation-000271,item-000271,1,active
reservation-000272,item-000272,1,active
reservation-000273,item-000273,1,active
reservation-000274,item-000274,2,released
reservation-000275,item-000275,1,released
reservation-000276,item-000276,1,active
reservation-000277,item-000277,3,released
reservation-000278,item-000278,2,released
reservation-000279,item-000279,3,released
reservation-000280,item-000280,3,released
reservation-000281,item-000281,2,released
reservation-000282,item-000282,1,released
reservation-000283,item-000283,1,released
reservation-000284,item-000284,2,released
reservation-000285,item-000285,3,released
reservation-000286,item-000286,3,released
reservation-000287,item-000287,2,released
reservation-000288,item-000288,2,released
reservation-000289,item-000289,1,released
reservation-000290,item-000290,2,released
reservation-000291,item-000291,2,released
reservation-000292,item-000292,1,released
reservation-000293,item-000293,3,active
reservation-000294,item-000294,1,released
reservation-000295,item-000295,2,released
reservation-000296,item-000296,2,released
reservation-000297,item-000297,2,released
reservation-000298,item-000298,2,released
reservation-000299,item-000299,2,released
reservation-000300,item-000300,1,released
reservation-000301,item-000301,3,released
reservation-000302,item-000302,1,released
reservation-000303,item-000303,3,released
reservation-000304,item-000304,3,active
reservation-000305,item-000305,1,active
reservation-000306,item-000306,3,released
reservation-000307,item-000307,1,released
reservation-000308,item-000308,2,released
reservation-000309,item-000309,3,released
reservation-000310,item-000310,3,released
reservation-000311,item-000311,1,released
reservation-000312,item-000312,1,released
reservation-000313,item-000313,1,released
reservation-000314,item-000314,1,released
reservation-000315,item-000315,3,released
reservation-000316,item-000316,2,released
reservation-000317,item-000317,2,released
reservation-000318,item-000318,2,released
reservation-000319,item-000319,2,active
reservation-000320,item-000320,3,released
reservation-000321,item-000321,3,active
reservation-000322,item-000322,1,active
reservation-000323,item-000323,3,released
reservation-000324,item-000324,2,released
reservation-000325,item-000325,3,released
reservation-000326,item-000326,1,active
reservation-000327,item-000327,2,active
reservation-000328,item-000328,2,released
reservation-000329,item-000329,2,released
reservation-000330,item-000330,3,released
reservation-000331,item-000331,2,active
reservation-000332,item-000332,3,released
reservation-000333,item-000333,1,released
reservation-000334,item-000334,1,released
reservation-000335,item-000335,3,released
reservation-000336,item-000336,3,released
reservation-000337,item-000337,2,released
reservation-000338,item-000338,3,released
reservation-000339,item-000339,2,released
reservation-000340,item-000340,1,released
reservation-000341,item-000341,2,released
reservation-000342,item-000342,1,released
reservation-000343,item-000343,2,released
reservation-000344,item-000344,2,released
reservation-000345,item-000345,1,released
reservation-000346,item-000346,2,released
reservation-000347,item-000347,3,released
reservation-000348,item-000348,3,active
reservation-000349,item-000349,2,released
reservation-000350,item-000350,1,released
reservation-000351,item-000351,1,active
reservation-000352,item-000352,3,released
reservation-000353,item-000353,1,released
reservation-000354,item-000354,1,released
reservation-000355,item-000355,3,released
reservation-000356,item-000356,3,active
reservation-000357,item-000357,3,active
reservation-000358,item-000358,2,active
reservation-000359,item-000359,2,released
reservation-000360,item-000360,1,active
reservation-000361,item-000361,2,active
reservation-000362,item-000362,2,active
reservation-000363,item-000363,2,released
reservation-000364,item-000364,2,released
reservation-000365,item-000365,3,released
reservation-000366,item-000366,1,released
reservation-000367,item-000367,1,released
reservation-000368,item-000368,1,released
reservation-000369,item-000369,3,released
reservation-000370,item-000370,3,released
reservation-000371,item-000371,2,released
reservation-000372,item-000372,2,released
reservation-000373,item-000373,2,released
reservation-000374,item-000374,3,released
reservation-000375,item-000375,2,active
reservation-000376,item-000376,2,active
reservation-000377,item-000377,2,released
reservation-000378,item-000378,2,released
reservation-000379,item-000379,1,released
reservation-000380,item-000380,2,released
reservation-000381,item-000381,1,released
reservation-000382,item-000382,1,released
reservation-000383,item-000383,1,released
reservation-000384,item-000384,3,active
reservation-000385,item-000385,1,released
reservation-000386,item-000386,1,released
reservation-000387,item-000387,3,released
reservation-000388,item-000388,1,released
reservation-000389,item-000389,1,released
reservation-000390,item-000390,3,released
reservation-000391,item-000391,2,active
reservation-000392,item-000392,1,active
reservation-000393,item-000393,2,released
reservation-000394,item-000394,2,released
reservation-000395,item-000395,1,released
reservation-000396,item-000396,1,released
reservation-000397,item-000397,3,released
reservation-000398,item-000398,3,released
reservation-000399,item-000399,3,released
reservation-000400,item-000400,1,released
reservation-000401,item-000401,2,released
reservation-000402,item-000402,2,released
reservation-000403,item-000403,2,released
reservation-000404,item-000404,2,released
reservation-000405,item-000405,1,released
reservation-000406,item-000406,3,released
reservation-000407,item-000407,2,released
reservation-000408,item-000408,3,released
reservation-000409,item-000409,3,released
reservation-000410,item-000410,1,released
reservation-000411,item-000411,1,active
reservation-000412,item-000412,1,released
reservation-000413,item-000413,2,released
reservation-000414,item-000414,1,released
reservation-000415,item-000415,1,released
reservation-000416,item-000416,2,released
reservation-000417,item-000417,3,released
reservation-000418,item-000418,2,released
reservation-000419,item-000419,1,released
reservation-000420,item-000420,3,active
reservation-000421,item-000421,3,active
reservation-000422,item-000422,2,released
reservation-000423,item-000423,1,released
reservation-000424,item-000424,1,released
reservation-000425,item-000425,2,released
reservation-000426,item-000426,2,released
reservation-000427,item-000427,2,released
reservation-000428,item-000428,2,active
reservation-000429,item-000429,3,released
reservation-000430,item-000430,2,active
reservation-000431,item-000431,3,released
reservation-000432,item-000432,2,released
reservation-000433,item-000433,2,released
reservation-000434,item-000434,2,active
reservation-000435,item-000435,2,released
reservation-000436,item-000436,1,released
reservation-000437,item-000437,3,released
reservation-000438,item-000438,3,released
reservation-000439,item-000439,2,released
reservation-000440,item-000440,1,released
reservation-000441,item-000441,1,released
reservation-000442,item-000442,1,released
reservation-000443,item-000443,2,released
reservation-000444,item-000444,3,released
reservation-000445,item-000445,3,released
reservation-000446,item-000446,1,released
reservation-000447,item-000447,1,active
reservation-000448,item-000448,1,released
reservation-000449,item-000449,2,released
reservation-000450,item-000450,3,released
reservation-000451,item-000451,1,released
reservation-000452,item-000452,2,released
reservation-000453,item-000453,2,released
reservation-000454,item-000454,3,released
reservation-000455,item-000455,2,released
reservation-000456,item-000456,1,active
reservation-000457,item-000457,1,released
reservation-000458,item-000458,1,released
reservation-000459,item-000459,1,active
reservation-000460,item-000460,1,active
reservation-000461,item-000461,3,active
reservation-000462,item-000462,3,released
reservation-000463,item-000463,2,released
reservation-000464,item-000464,1,released
reservation-000465,item-000465,1,active
reservation-000466,item-000466,2,released
reservation-000467,item-000467,3,released
reservation-000468,item-000468,2,released
reservation-000469,item-000469,3,released
reservation-000470,item-000470,3,released
reservation-000471,item-000471,2,released
reservation-000472,item-000472,3,released
reservation-000473,item-000473,3,released
reservation-000474,item-000474,3,released
reservation-000475,item-000475,2,released
reservation-000476,item-000476,3,released
reservation-000477,item-000477,2,active
reservation-000478,item-000478,1,active
reservation-000479,item-000479,2,released
reservation-000480,item-000480,1,released
reservation-000481,item-000481,1,released
reservation-000482,item-000482,3,released
reservation-000483,item-000483,3,released
reservation-000484,item-000484,1,released
reservation-000485,item-000485,1,released
reservation-000486,item-000486,2,released
reservation-000487,item-000487,1,released
reservation-000488,item-000488,1,released
reservation-000489,item-000489,1,released
reservation-000490,item-000490,2,released
reservation-000491,item-000491,2,released
reservation-000492,item-000492,3,released
reservation-000493,item-000493,2,released
reservation-000494,item-000494,2,active
reservation-000495,item-000495,1,released
reservation-000496,item-000496,1,released
reservation-000497,item-000497,2,released
reservation-000498,item-000498,2,active
reservation-000499,item-000499,2,active
reservation-000500,item-000500,3,active
reservation-000501,item-000501,2,released
reservation-000502,item-000502,1,released
reservation-000503,item-000503,3,active
reservation-000504,item-000504,2,active
reservation-000505,item-000505,1,released
reservation-000506,item-000506,3,released
reservation-000507,item-000507,3,released
reservation-000508,item-000508,2,released
reservation-000509,item-000509,1,released
reservation-000510,item-000510,2,released
reservation-000511,item-000511,1,released
reservation-000512,item-000512,1,released
reservation-000513,item-000513,3,active
reservation-000514,item-000514,3,released
reservation-000515,item-000515,1,released
reservation-000516,item-000516,1,released
reservation-000517,item-000517,1,released
reservation-000518,item-000518,1,released
reservation-000519,item-000519,1,active
reservation-000520,item-000520,1,active
reservation-000521,item-000521,3,released
reservation-000522,item-000522,1,released
reservation-000523,item-000523,1,released
reservation-000524,item-000524,2,released
reservation-000525,item-000525,2,released
reservation-000526,item-000526,3,released
reservation-000527,item-000527,3,released
reservation-000528,item-000528,3,released
reservation-000529,item-000529,2,active
reservation-000530,item-000530,1,released
reservation-000531,item-000531,1,released
reservation-000532,item-000532,3,released
reservation-000533,item-000533,3,released
reservation-000534,item-000534,1,released
reservation-000535,item-000535,3,active
reservation-000536,item-000536,2,released
reservation-000537,item-000537,2,released
reservation-000538,item-000538,1,released
reservation-000539,item-000539,3,released
reservation-000540,item-000540,3,active
reservation-000541,item-000541,1,active
reservation-000542,item-000542,2,active
reservation-000543,item-000543,3,released
reservation-000544,item-000544,2,released
reservation-000545,item-000545,3,released
reservation-000546,item-000546,2,released
reservation-000547,item-000547,3,released
reservation-000548,item-000548,3,released
reservation-000549,item-000549,3,active
reservation-000550,item-000550,1,released
reservation-000551,item-000551,3,released
reservation-000552,item-000552,1,released
reservation-000553,item-000553,3,active
reservation-000554,item-000554,2,active
reservation-000555,item-000555,2,released
reservation-000556,item-000556,1,released
reservation-000557,item-000557,1,released
reservation-000558,item-000558,2,released
reservation-000559,item-000559,1,released
reservation-000560,item-000560,3,released
reservation-000561,item-000561,3,released
reservation-000562,item-000562,1,released
reservation-000563,item-000563,2,released
reservation-000564,item-000564,2,released
reservation-000565,item-000565,2,released
reservation-000566,item-000566,2,released
reservation-000567,item-000567,1,released
reservation-000568,item-000568,3,released
reservation-000569,item-000569,3,released
reservation-000570,item-000570,2,active
reservation-000571,item-000571,3,released
reservation-000572,item-000572,1,released
reservation-000573,item-000573,2,released
reservation-000574,item-000574,1,released
reservation-000575,item-000575,3,released
reservation-000576,item-000576,3,released
reservation-000577,item-000577,1,released
reservation-000578,item-000578,3,released
reservation-000579,item-000579,1,released
reservation-000580,item-000580,1,released
reservation-000581,item-000581,1,released
reservation-000582,item-000582,2,released
reservation-000583,item-000583,1,active
reservation-000584,item-000584,1,released
reservation-000585,item-000585,1,released
reservation-000586,item-000586,1,released
reservation-000587,item-000587,3,active
reservation-000588,item-000588,3,released
reservation-000589,item-000589,2,active
reservation-000590,item-000590,2,released
reservation-000591,item-000591,2,released
reservation-000592,item-000592,2,released
reservation-000593,item-000593,1,released
reservation-000594,item-000594,2,released
reservation-000595,item-000595,1,active
reservation-000596,item-000596,3,released
reservation-000597,item-000597,1,released
reservation-000598,item-000598,2,released
reservation-000599,item-000599,3,active
reservation-000600,item-000600,1,active
reservation-000601,item-000601,2,released
reservation-000602,item-000602,3,released
reservation-000603,item-000603,3,released
reservation-000604,item-000604,2,released
reservation-000605,item-000605,1,released
reservation-000606,item-000606,3,released
reservation-000607,item-000607,3,released
reservation-000608,item-000608,3,released
reservation-000609,item-000609,1,released
reservation-000610,item-000610,1,active
reservation-000611,item-000611,1,released
reservation-000612,item-000612,1,released
reservation-000613,item-000613,2,released
reservation-000614,item-000614,3,released
reservation-000615,item-000615,2,released
reservation-000616,item-000616,2,released
reservation-000617,item-000617,3,released
reservation-000618,item-000618,2,released
reservation-000619,item-000619,1,released
reservation-000620,item-000620,2,released
reservation-000621,item-000621,3,released
reservation-000622,item-000622,1,released
reservation-000623,item-000623,2,released
reservation-000624,item-000624,3,released
reservation-000625,item-000625,1,released
reservation-000626,item-000626,2,released
reservation-000627,item-000627,3,released
reservation-000628,item-000628,1,released
reservation-000629,item-000629,2,released
reservation-000630,item-000630,1,released
reservation-000631,item-000631,3,released
reservation-000632,item-000632,3,released
reservation-000633,item-000633,2,released
reservation-000634,item-000634,1,released
reservation-000635,item-000635,1,released
reservation-000636,item-000636,2,active
reservation-000637,item-000637,1,released
reservation-000638,item-000638,2,released
reservation-000639,item-000639,2,released
reservation-000640,item-000640,2,released
reservation-000641,item-000641,2,released
reservation-000642,item-000642,2,released
reservation-000643,item-000643,1,released
reservation-000644,item-000644,3,released
reservation-000645,item-000645,2,released
reservation-000646,item-000646,2,released
reservation-000647,item-000647,1,released
reservation-000648,item-000648,2,released
reservation-000649,item-000649,2,released
reservation-000650,item-000650,2,released
reservation-000651,item-000651,2,released
reservation-000652,item-000652,2,released
reservation-000653,item-000653,3,active
reservation-000654,item-000654,1,active
reservation-000655,item-000655,3,active
reservation-000656,item-000656,3,released
reservation-000657,item-000657,3,released
reservation-000658,item-000658,3,released
reservation-000659,item-000659,1,released
reservation-000660,item-000660,2,released
reservation-000661,item-000661,3,released
reservation-000662,item-000662,3,released
reservation-000663,item-000663,3,released
reservation-000664,item-000664,2,released
reservation-000665,item-000665,3,released
reservation-000666,item-000666,3,released
reservation-000667,item-000667,3,released
reservation-000668,item-000668,3,released
reservation-000669,item-000669,3,released
reservation-000670,item-000670,3,released
reservation-000671,item-000671,2,released
reservation-000672,item-000672,3,released
reservation-000673,item-000673,2,released
reservation-000674,item-000674,1,released
reservation-000675,item-000675,1,released
reservation-000676,item-000676,1,released
reservation-000677,item-000677,2,released
reservation-000678,item-000678,1,active
reservation-000679,item-000679,2,active
reservation-000680,item-000680,1,active
reservation-000681,item-000681,3,released
reservation-000682,item-000682,1,released
reservation-000683,item-000683,2,released
reservation-000684,item-000684,3,released
reservation-000685,item-000685,3,released
reservation-000686,item-000686,1,released
reservation-000687,item-000687,1,released
reservation-000688,item-000688,3,released
reservation-000689,item-000689,2,released
reservation-000690,item-000690,2,released
reservation-000691,item-000691,2,released
reservation-000692,item-000692,3,released
reservation-000693,item-000693,1,released
reservation-000694,item-000694,1,released
reservation-000695,item-000695,1,active
reservation-000696,item-000696,2,released
reservation-000697,item-000697,2,released
reservation-000698,item-000698,1,released
reservation-000699,item-000699,3,active
reservation-000700,item-000700,2,released
reservation-000701,item-000701,1,released
reservation-000702,item-000702,1,released
reservation-000703,item-000703,1,released
reservation-000704,item-000704,2,released
reservation-000705,item-000705,3,released
reservation-000706,item-000706,1,released
reservation-000707,item-000707,2,released
reservation-000708,item-000708,3,released
reservation-000709,item-000709,3,active
reservation-000710,item-000710,2,active
reservation-000711,item-000711,1,released
reservation-000712,item-000712,2,released
reservation-000713,item-000713,3,released
reservation-000714,item-000714,3,released
reservation-000715,item-000715,1,released
reservation-000716,item-000716,3,active
reservation-000717,item-000717,3,active
reservation-000718,item-000718,2,released
reservation-000719,item-000719,3,released
reservation-000720,item-000720,2,released
reservation-000721,item-000721,3,released
reservation-000722,item-000722,1,released
reservation-000723,item-000723,1,released
reservation-000724,item-000724,1,released
reservation-000725,item-000725,1,released
reservation-000726,item-000726,3,released
reservation-000727,item-000727,3,released
reservation-000728,item-000728,3,active
reservation-000729,item-000729,1,active
reservation-000730,item-000730,3,active
reservation-000731,item-000731,3,released
reservation-000732,item-000732,1,active
reservation-000733,item-000733,3,active
reservation-000734,item-000734,2,released
reservation-000735,item-000735,3,released
reservation-000736,item-000736,3,released
reservation-000737,item-000737,2,released
reservation-000738,item-000738,2,released
reservation-000739,item-000739,3,released
reservation-000740,item-000740,2,released
reservation-000741,item-000741,1,active
reservation-000742,item-000742,1,active
reservation-000743,item-000743,2,released
reservation-000744,item-000744,2,active
reservation-000745,item-000745,2,active
reservation-000746,item-000746,3,released
reservation-000747,item-000747,2,released
reservation-000748,item-000748,3,released
reservation-000749,item-000749,2,released
reservation-000750,item-000750,1,released
reservation-000751,item-000751,3,released
reservation-000752,item-000752,2,released
reservation-000753,item-000753,1,released
reservation-000754,item-000754,2,released
reservation-000755,item-000755,2,released
reservation-000756,item-000756,2,released
reservation-000757,item-000757,3,released
reservation-000758,item-000758,1,released
reservation-000759,item-000759,3,released
reservation-000760,item-000760,3,released
reservation-000761,item-000761,3,released
reservation-000762,item-000762,3,released
reservation-000763,item-000763,3,released
reservation-000764,item-000764,1,released
reservation-000765,item-000765,2,released
reservation-000766,item-000766,2,released
reservation-000767,item-000767,2,released
reservation-000768,item-000768,1,active
reservation-000769,item-000769,2,active
reservation-000770,item-000770,2,released
reservation-000771,item-000771,1,released
reservation-000772,item-000772,1,released
reservation-000773,item-000773,1,active
reservation-000774,item-000774,2,released
reservation-000775,item-000775,2,released
reservation-000776,item-000776,3,released
reservation-000777,item-000777,2,released
reservation-000778,item-000778,1,released
reservation-000779,item-000779,3,released
reservation-000780,item-000780,2,released
reservation-000781,item-000781,3,released
reservation-000782,item-000782,3,released
reservation-000783,item-000783,1,active
reservation-000784,item-000784,3,released
reservation-000785,item-000785,1,released
reservation-000786,item-000786,1,active
reservation-000787,item-000787,1,released
reservation-000788,item-000788,3,released
reservation-000789,item-000789,1,released
reservation-000790,item-000790,2,released
reservation-000791,item-000791,1,released
reservation-000792,item-000792,2,active
reservation-000793,item-000793,3,released
reservation-000794,item-000794,3,released
reservation-000795,item-000795,3,released
reservation-000796,item-000796,3,released
reservation-000797,item-000797,2,released
reservation-000798,item-000798,2,released
reservation-000799,item-000799,1,released
reservation-000800,item-000800,3,released
reservation-000801,item-000801,3,released
reservation-000802,item-000802,3,released
reservation-000803,item-000803,1,released
reservation-000804,item-000804,3,released
reservation-000805,item-000805,1,released
reservation-000806,item-000806,2,released
reservation-000807,item-000807,2,released
reservation-000808,item-000808,1,released
reservation-000809,item-000809,3,released
reservation-000810,item-000810,1,released
reservation-000811,item-000811,2,released
reservation-000812,item-000812,2,released
reservation-000813,item-000813,1,released
reservation-000814,item-000814,1,released
reservation-000815,item-000815,3,released
reservation-000816,item-000816,2,active
reservation-000817,item-000817,2,active
reservation-000818,item-000818,1,released
reservation-000819,item-000819,1,released
reservation-000820,item-000820,3,released
reservation-000821,item-000821,3,released
reservation-000822,item-000822,3,released
reservation-000823,item-000823,2,released
reservation-000824,item-000824,3,released
reservation-000825,item-000825,2,released
reservation-000826,item-000826,1,released
reservation-000827,item-000827,1,released
reservation-000828,item-000828,1,released
reservation-000829,item-000829,1,released
reservation-000830,item-000830,1,released
reservation-000831,item-000831,3,released
reservation-000832,item-000832,3,released
reservation-000833,item-000833,1,released
reservation-000834,item-000834,1,released
reservation-000835,item-000835,1,released
reservation-000836,item-000836,3,released
reservation-000837,item-000837,1,released
reservation-000838,item-000838,2,released
reservation-000839,item-000839,2,released
reservation-000840,item-000840,2,released
reservation-000841,item-000841,3,released
reservation-000842,item-000842,1,released
reservation-000843,item-000843,3,released
reservation-000844,item-000844,1,active
reservation-000845,item-000845,3,released
reservation-000846,item-000846,1,released
reservation-000847,item-000847,1,active
reservation-000848,item-000848,2,active
reservation-000849,item-000849,1,active
reservation-000850,item-000850,1,released
reservation-000851,item-000851,2,released
reservation-000852,item-000852,1,released
reservation-000853,item-000853,3,released
reservation-000854,item-000854,3,released
reservation-000855,item-000855,3,released
reservation-000856,item-000856,1,released
reservation-000857,item-000857,1,released
reservation-000858,item-000858,3,released
reservation-000859,item-000859,2,released
reservation-000860,item-000860,2,active
reservation-000861,item-000861,3,active
reservation-000862,item-000862,2,released
reservation-000863,item-000863,2,released
reservation-000864,item-000864,3,released
reservation-000865,item-000865,2,released
reservation-000866,item-000866,3,active
reservation-000867,item-000867,1,released
reservation-000868,item-000868,2,released
reservation-000869,item-000869,3,released
reservation-000870,item-000870,1,released
reservation-000871,item-000871,3,released
reservation-000872,item-000872,2,released
reservation-000873,item-000873,1,active
reservation-000874,item-000874,1,active
reservation-000875,item-000875,3,released
reservation-000876,item-000876,3,released
reservation-000877,item-000877,1,released
reservation-000878,item-000878,1,released
reservation-000879,item-000879,3,released
reservation-000880,item-000880,3,released
reservation-000881,item-000881,2,released
reservation-000882,item-000882,1,active
reservation-000883,item-000883,3,active
reservation-000884,item-000884,2,active
reservation-000885,item-000885,2,active
reservation-000886,item-000886,1,released
reservation-000887,item-000887,2,released
reservation-000888,item-000888,2,released
reservation-000889,item-000889,3,released
reservation-000890,item-000890,1,released
reservation-000891,item-000891,2,released
reservation-000892,item-000892,1,released
reservation-000893,item-000893,2,released
reservation-000894,item-000894,2,released
reservation-000895,item-000895,2,released
reservation-000896,item-000896,1,released
reservation-000897,item-000897,3,released
reservation-000898,item-000898,1,active
reservation-000899,item-000899,3,released
reservation-000900,item-000900,2,released
reservation-000901,item-000901,2,released
reservation-000902,item-000902,3,released
reservation-000903,item-000903,2,released
reservation-000904,item-000904,2,released
reservation-000905,item-000905,1,released
reservation-000906,item-000906,2,released
reservation-000907,item-000907,3,released
reservation-000908,item-000908,3,released
reservation-000909,item-000909,2,active
reservation-000910,item-000910,3,active
reservation-000911,item-000911,1,active
reservation-000912,item-000912,3,active
reservation-000913,item-000913,3,released
reservation-000914,item-000914,2,released
reservation-000915,item-000915,1,released
reservation-000916,item-000916,1,released
reservation-000917,item-000917,1,released
reservation-000918,item-000918,1,released
reservation-000919,item-000919,1,released
reservation-000920,item-000920,3,released
reservation-000921,item-000921,3,released
reservation-000922,item-000922,3,released
reservation-000923,item-000923,3,active
reservation-000924,item-000924,2,released
reservation-000925,item-000925,3,released
reservation-000926,item-000926,3,released
reservation-000927,item-000927,1,released
reservation-000928,item-000928,2,released
reservation-000929,item-000929,2,active
reservation-000930,item-000930,2,released
reservation-000931,item-000931,3,released
reservation-000932,item-000932,1,released
reservation-000933,item-000933,1,released
reservation-000934,item-000934,3,released
reservation-000935,item-000935,1,released
reservation-000936,item-000936,2,released
reservation-000937,item-000937,1,released
reservation-000938,item-000938,2,active
reservation-000939,item-000939,2,active
reservation-000940,item-000940,1,released
reservation-000941,item-000941,3,released
reservation-000942,item-000942,1,released
reservation-000943,item-000943,1,released
reservation-000944,item-000944,2,released
reservation-000945,item-000945,3,released
reservation-000946,item-000946,1,active
reservation-000947,item-000947,3,released
reservation-000948,item-000948,1,released
reservation-000949,item-000949,3,released
reservation-000950,item-000950,2,active
reservation-000951,item-000951,3,released
reservation-000952,item-000952,3,released
reservation-000953,item-000953,2,released
reservation-000954,item-000954,3,released
reservation-000955,item-000955,1,active
reservation-000956,item-000956,2,released
reservation-000957,item-000957,2,released
reservation-000958,item-000958,1,released
reservation-000959,item-000959,3,released
reservation-000960,item-000960,3,released
reservation-000961,item-000961,3,released
reservation-000962,item-000962,3,released
reservation-000963,item-000963,3,released
reservation-000964,item-000964,3,released
reservation-000965,item-000965,3,released
reservation-000966,item-000966,2,released
reservation-000967,item-000967,1,active
reservation-000968,item-000968,1,released
reservation-000969,item-000969,1,released
reservation-000970,item-000970,2,released
reservation-000971,item-000971,2,released
reservation-000972,item-000972,3,released
reservation-000973,item-000973,2,released
reservation-000974,item-000974,2,released
reservation-000975,item-000975,3,released
reservation-000976,item-000976,3,released
reservation-000977,item-000977,2,released
reservation-000978,item-000978,3,active
reservation-000979,item-000979,2,active
reservation-000980,item-000980,1,released
reservation-000981,item-000981,1,released
reservation-000982,item-000982,1,released
reservation-000983,item-000983,1,released
reservation-000984,item-000984,2,released
reservation-000985,item-000985,3,active
reservation-000986,item-000986,2,released
reservation-000987,item-000987,1,released
reservation-000988,item-000988,2,released
reservation-000989,item-000989,1,active
reservation-000990,item-000990,3,active
reservation-000991,item-000991,3,released
reservation-000992,item-000992,3,active
reservation-000993,item-000993,1,released
reservation-000994,item-000994,2,released
reservation-000995,item-000995,3,released
reservation-000996,item-000996,1,released
reservation-000997,item-000997,2,released
reservation-000998,item-000998,3,released
reservation-000999,item-000999,2,released
reservation-001000,item-001000,1,released
reservation-001001,item-001001,2,released
reservation-001002,item-001002,3,released
reservation-001003,item-001003,3,active
reservation-001004,item-001004,3,active
reservation-001005,item-001005,1,released
reservation-001006,item-001006,1,released
reservation-001007,item-001007,3,released
reservation-001008,item-001008,3,released
reservation-001009,item-001009,3,released
reservation-001010,item-001010,2,released
reservation-001011,item-001011,3,active
reservation-001012,item-001012,3,active
reservation-001013,item-001013,2,released
reservation-001014,item-001014,1,released
reservation-001015,item-001015,3,released
reservation-001016,item-001016,2,released
reservation-001017,item-001017,1,released
reservation-001018,item-001018,2,released
reservation-001019,item-001019,3,released
reservation-001020,item-001020,2,released
reservation-001021,item-001021,3,released
reservation-001022,item-001022,3,released
reservation-001023,item-001023,3,released
reservation-001024,item-001024,3,released
reservation-001025,item-001025,3,released
reservation-001026,item-001026,3,released
reservation-001027,item-001027,1,active
reservation-001028,item-001028,2,active
reservation-001029,item-001029,3,released
reservation-001030,item-001030,2,released
reservation-001031,item-001031,2,released
reservation-001032,item-001032,2,released
reservation-001033,item-001033,1,released
reservation-001034,item-001034,3,released
reservation-001035,item-001035,3,released
reservation-001036,item-001036,3,released
reservation-001037,item-001037,1,released
reservation-001038,item-001038,2,released
reservation-001039,item-001039,3,released
reservation-001040,item-001040,3,released
reservation-001041,item-001041,3,active
reservation-001042,item-001042,2,active
reservation-001043,item-001043,3,released
reservation-001044,item-001044,1,released
reservation-001045,item-001045,3,released
reservation-001046,item-001046,1,released
reservation-001047,item-001047,3,released
reservation-001048,item-001048,3,released
reservation-001049,item-001049,1,released
reservation-001050,item-001050,2,released
reservation-001051,item-001051,2,released
reservation-001052,item-001052,2,released
reservation-001053,item-001053,1,released
reservation-001054,item-001054,2,released
reservation-001055,item-001055,1,released
reservation-001056,item-001056,2,released
reservation-001057,item-001057,2,released
reservation-001058,item-001058,2,released
reservation-001059,item-001059,1,released
reservation-001060,item-001060,2,released
reservation-001061,item-001061,2,released
reservation-001062,item-001062,1,released
reservation-001063,item-001063,3,released
reservation-001064,item-001064,3,released
reservation-001065,item-001065,3,released
reservation-001066,item-001066,3,released
reservation-001067,item-001067,3,released
reservation-001068,item-001068,1,released
reservation-001069,item-001069,1,released
reservation-001070,item-001070,1,released
reservation-001071,item-001071,3,released
reservation-001072,item-001072,2,released
reservation-001073,item-001073,2,released
reservation-001074,item-001074,1,released
reservation-001075,item-001075,1,released
reservation-001076,item-001076,1,released
reservation-001077,item-001077,3,released
reservation-001078,item-001078,2,released
reservation-001079,item-001079,1,active
reservation-001080,item-001080,2,released
reservation-001081,item-001081,1,released
reservation-001082,item-001082,2,released
reservation-001083,item-001083,1,released
reservation-001084,item-001084,3,released
reservation-001085,item-001085,3,released
reservation-001086,item-001086,3,released
reservation-001087,item-001087,1,released
reservation-001088,item-001088,2,released
reservation-001089,item-001089,3,released
reservation-001090,item-001090,3,released
reservation-001091,item-001091,2,released
reservation-001092,item-001092,3,released
reservation-001093,item-001093,2,released
reservation-001094,item-001094,1,released
reservation-001095,item-001095,1,released
reservation-001096,item-001096,1,released
reservation-001097,item-001097,1,released
reservation-001098,item-001098,1,released
reservation-001099,item-001099,3,released
reservation-001100,item-001100,3,released
reservation-001101,item-001101,3,released
reservation-001102,item-001102,3,released
reservation-001103,item-001103,1,active
reservation-001104,item-001104,3,active
reservation-001105,item-001105,3,active
reservation-001106,item-001106,3,released
reservation-001107,item-001107,3,released
reservation-001108,item-001108,2,released
reservation-001109,item-001109,2,active
reservation-001110,item-001110,2,active
reservation-001111,item-001111,1,released
reservation-001112,item-001112,3,released
reservation-001113,item-001113,1,released
reservation-001114,item-001114,3,released
reservation-001115,item-001115,3,released
reservation-001116,item-001116,3,released
reservation-001117,item-001117,1,released
reservation-001118,item-001118,2,released
reservation-001119,item-001119,1,released
reservation-001120,item-001120,2,released
reservation-001121,item-001121,3,released
reservation-001122,item-001122,3,released
reservation-001123,item-001123,3,released
reservation-001124,item-001124,3,released
reservation-001125,item-001125,3,released
reservation-001126,item-001126,1,released
reservation-001127,item-001127,2,released
reservation-001128,item-001128,1,active
reservation-001129,item-001129,2,active
reservation-001130,item-001130,3,released
reservation-001131,item-001131,2,released
reservation-001132,item-001132,2,released
reservation-001133,item-001133,2,active
reservation-001134,item-001134,3,active
reservation-001135,item-001135,3,released
reservation-001136,item-001136,1,released
reservation-001137,item-001137,2,released
reservation-001138,item-001138,2,released
reservation-001139,item-001139,2,released
reservation-001140,item-001140,2,released
reservation-001141,item-001141,3,released
reservation-001142,item-001142,1,released
reservation-001143,item-001143,3,released
reservation-001144,item-001144,1,active
reservation-001145,item-001145,1,active
reservation-001146,item-001146,1,active
reservation-001147,item-001147,3,released
reservation-001148,item-001148,2,released
reservation-001149,item-001149,1,released
reservation-001150,item-001150,1,active
reservation-001151,item-001151,1,released
reservation-001152,item-001152,1,released
reservation-001153,item-001153,2,active
reservation-001154,item-001154,2,released
reservation-001155,item-001155,3,released
reservation-001156,item-001156,3,released
reservation-001157,item-001157,3,released
reservation-001158,item-001158,2,released
reservation-001159,item-001159,1,released
reservation-001160,item-001160,1,released
reservation-001161,item-001161,1,released
reservation-001162,item-001162,1,released
reservation-001163,item-001163,2,released
reservation-001164,item-001164,2,released
reservation-001165,item-001165,3,released
reservation-001166,item-001166,2,released
reservation-001167,item-001167,3,released
reservation-001168,item-001168,1,released
reservation-001169,item-001169,3,released
reservation-001170,item-001170,2,released
reservation-001171,item-001171,2,released
reservation-001172,item-001172,3,released
reservation-001173,item-001173,2,released
reservation-001174,item-001174,2,released
reservation-001175,item-001175,1,released
reservation-001176,item-001176,1,released
reservation-001177,item-001177,3,released
reservation-001178,item-001178,3,released
reservation-001179,item-001179,3,active
reservation-001180,item-001180,1,active
reservation-001181,item-001181,1,released
reservation-001182,item-001182,1,active
reservation-001183,item-001183,1,active
reservation-001184,item-001184,1,released
reservation-001185,item-001185,2,released
reservation-001186,item-001186,2,released
reservation-001187,item-001187,3,released
reservation-001188,item-001188,3,active
reservation-001189,item-001189,1,active
reservation-001190,item-001190,2,active
reservation-001191,item-001191,3,released
reservation-001192,item-001192,2,released
reservation-001193,item-001193,1,active
reservation-001194,item-001194,3,released
reservation-001195,item-001195,1,released
reservation-001196,item-001196,1,released
reservation-001197,item-001197,1,released
reservation-001198,item-001198,2,released
reservation-001199,item-001199,3,active
reservation-001200,item-001200,1,active
reservation-001201,item-001201,1,released
reservation-001202,item-001202,1,released
reservation-001203,item-001203,2,released
reservation-001204,item-001204,2,released
reservation-001205,item-001205,1,released
reservation-001206,item-001206,2,released
reservation-001207,item-001207,1,active
reservation-001208,item-001208,2,released
reservation-001209,item-001209,2,released
reservation-001210,item-001210,1,released
reservation-001211,item-001211,2,released
reservation-001212,item-001212,3,active
reservation-001213,item-001213,2,active
reservation-001214,item-001214,1,active
reservation-001215,item-001215,3,active
reservation-001216,item-001216,3,released
reservation-001217,item-001217,3,released
reservation-001218,item-001218,1,released
reservation-001219,item-001219,3,released
reservation-001220,item-001220,3,released
reservation-001221,item-001221,2,released
reservation-001222,item-001222,2,active
reservation-001223,item-001223,2,active
reservation-001224,item-001224,3,active
reservation-001225,item-001225,1,released
reservation-001226,item-001226,1,released
reservation-001227,item-001227,2,released
reservation-001228,item-001228,1,released
reservation-001229,item-001229,3,released
reservation-001230,item-001230,1,active
reservation-001231,item-001231,3,active
reservation-001232,item-001232,2,released
reservation-001233,item-001233,3,released
reservation-001234,item-001234,3,released
reservation-001235,item-001235,1,released
reservation-001236,item-001236,1,released
reservation-001237,item-001237,1,released
reservation-001238,item-001238,3,active
reservation-001239,item-001239,2,active
reservation-001240,item-001240,1,released
reservation-001241,item-001241,3,released
reservation-001242,item-001242,1,released
reservation-001243,item-001243,2,released
reservation-001244,item-001244,2,released
reservation-001245,item-001245,1,released
reservation-001246,item-001246,2,released
reservation-001247,item-001247,3,released
reservation-001248,item-001248,3,released
reservation-001249,item-001249,3,active
reservation-001250,item-001250,1,active
reservation-001251,item-001251,3,active
reservation-001252,item-001252,3,released
reservation-001253,item-001253,2,released
reservation-001254,item-001254,1,released
reservation-001255,item-001255,1,released
reservation-001256,item-001256,2,released
reservation-001257,item-001257,1,released
reservation-001258,item-001258,2,released
reservation-001259,item-001259,1,released
reservation-001260,item-001260,2,released
reservation-001261,item-001261,1,released
reservation-001262,item-001262,2,released
reservation-001263,item-001263,2,released
reservation-001264,item-001264,2,released
reservation-001265,item-001265,2,released
reservation-001266,item-001266,3,released
reservation-001267,item-001267,2,released
reservation-001268,item-001268,1,released
reservation-001269,item-001269,1,released
reservation-001270,item-001270,1,released
reservation-001271,item-001271,3,released
reservation-001272,item-001272,2,released
reservation-001273,item-001273,1,active
reservation-001274,item-001274,2,released
reservation-001275,item-001275,3,released
reservation-001276,item-001276,1,released
reservation-001277,item-001277,3,released
reservation-001278,item-001278,2,released
reservation-001279,item-001279,3,released
reservation-001280,item-001280,2,released
reservation-001281,item-001281,1,active
reservation-001282,item-001282,3,released
reservation-001283,item-001283,3,released
reservation-001284,item-001284,1,released
reservation-001285,item-001285,3,released
reservation-001286,item-001286,3,released
reservation-001287,item-001287,3,active
reservation-001288,item-001288,1,released
reservation-001289,item-001289,2,released
reservation-001290,item-001290,2,released
reservation-001291,item-001291,3,active
reservation-001292,item-001292,1,released
reservation-001293,item-001293,2,released
reservation-001294,item-001294,3,released
reservation-001295,item-001295,3,released
reservation-001296,item-001296,3,released
reservation-001297,item-001297,1,released
reservation-001298,item-001298,1,active
reservation-001299,item-001299,3,active
reservation-001300,item-001300,1,active
reservation-001301,item-001301,1,released
reservation-001302,item-001302,2,released
reservation-001303,item-001303,1,active
reservation-001304,item-001304,1,active
reservation-001305,item-001305,3,active
reservation-001306,item-001306,3,released
reservation-001307,item-001307,3,active
reservation-001308,item-001308,1,active
reservation-001309,item-001309,1,released
reservation-001310,item-001310,2,released
reservation-001311,item-001311,3,released
reservation-001312,item-001312,3,released
reservation-001313,item-001313,2,released
reservation-001314,item-001314,1,active
reservation-001315,item-001315,2,released
reservation-001316,item-001316,3,released
reservation-001317,item-001317,1,released
reservation-001318,item-001318,1,released
reservation-001319,item-001319,3,released
reservation-001320,item-001320,2,released
reservation-001321,item-001321,1,released
reservation-001322,item-001322,3,released
reservation-001323,item-001323,2,released
reservation-001324,item-001324,1,released
reservation-001325,item-001325,1,released
reservation-001326,item-001326,3,released
reservation-001327,item-001327,1,released
reservation-001328,item-001328,2,released
reservation-001329,item-001329,1,released
reservation-001330,item-001330,2,released
reservation-001331,item-001331,3,released
reservation-001332,item-001332,1,released
reservation-001333,item-001333,2,active
reservation-001334,item-001334,1,released
reservation-001335,item-001335,2,released
reservation-001336,item-001336,3,active
reservation-001337,item-001337,1,released
reservation-001338,item-001338,2,active
reservation-001339,item-001339,2,released
reservation-001340,item-001340,2,released
reservation-001341,item-001341,2,released
reservation-001342,item-001342,3,released
reservation-001343,item-001343,3,released
reservation-001344,item-001344,2,released
reservation-001345,item-001345,2,released
reservation-001346,item-001346,2,released
reservation-001347,item-001347,1,released
reservation-001348,item-001348,2,released
reservation-001349,item-001349,1,released
reservation-001350,item-001350,2,released
reservation-001351,item-001351,3,released
reservation-001352,item-001352,1,released
reservation-001353,item-001353,3,released
reservation-001354,item-001354,3,active
reservation-001355,item-001355,2,released
reservation-001356,item-001356,2,released
reservation-001357,item-001357,1,released
reservation-001358,item-001358,3,released
reservation-001359,item-001359,1,released
reservation-001360,item-001360,2,released
reservation-001361,item-001361,2,released
reservation-001362,item-001362,2,released
reservation-001363,item-001363,1,released
reservation-001364,item-001364,3,released
reservation-001365,item-001365,1,released
reservation-001366,item-001366,3,active
reservation-001367,item-001367,1,active
reservation-001368,item-001368,1,active
reservation-001369,item-001369,2,released
reservation-001370,item-001370,1,released
reservation-001371,item-001371,3,released
reservation-001372,item-001372,3,released
reservation-001373,item-001373,1,released
reservation-001374,item-001374,1,active
reservation-001375,item-001375,2,active
reservation-001376,item-001376,3,released
reservation-001377,item-001377,2,released
reservation-001378,item-001378,1,released
reservation-001379,item-001379,1,released
reservation-001380,item-001380,1,released
reservation-001381,item-001381,3,released
reservation-001382,item-001382,2,released
reservation-001383,item-001383,2,released
reservation-001384,item-001384,1,released
reservation-001385,item-001385,2,released
reservation-001386,item-001386,2,released
reservation-001387,item-001387,3,released
reservation-001388,item-001388,2,active
reservation-001389,item-001389,2,active
reservation-001390,item-001390,2,released
reservation-001391,item-001391,2,released
reservation-001392,item-001392,1,released
reservation-001393,item-001393,2,released
reservation-001394,item-001394,3,released
reservation-001395,item-001395,3,active
reservation-001396,item-001396,3,active
reservation-001397,item-001397,2,released
reservation-001398,item-001398,3,released
reservation-001399,item-001399,1,released
reservation-001400,item-001400,2,released
reservation-001401,item-001401,1,released
reservation-001402,item-001402,2,released
reservation-001403,item-001403,3,active
reservation-001404,item-001404,3,active
reservation-001405,item-001405,1,active
reservation-001406,item-001406,1,released
reservation-001407,item-001407,1,released
reservation-001408,item-001408,3,released
reservation-001409,item-001409,1,released
reservation-001410,item-001410,3,released
reservation-001411,item-001411,1,released
reservation-001412,item-001412,1,released
reservation-001413,item-001413,2,released
reservation-001414,item-001414,1,released
reservation-001415,item-001415,1,released
reservation-001416,item-001416,3,released
reservation-001417,item-001417,2,released
reservation-001418,item-001418,1,released
reservation-001419,item-001419,3,released
reservation-001420,item-001420,3,released
reservation-001421,item-001421,3,released
reservation-001422,item-001422,3,released
reservation-001423,item-001423,1,released
reservation-001424,item-001424,2,released
reservation-001425,item-001425,3,released
reservation-001426,item-001426,1,released
reservation-001427,item-001427,1,released
reservation-001428,item-001428,2,released
reservation-001429,item-001429,3,released
reservation-001430,item-001430,3,released
reservation-001431,item-001431,2,released
reservation-001432,item-001432,3,released
reservation-001433,item-001433,1,released
reservation-001434,item-001434,1,released
reservation-001435,item-001435,2,released
reservation-001436,item-001436,3,released
reservation-001437,item-001437,1,released
reservation-001438,item-001438,3,released
reservation-001439,item-001439,1,active
reservation-001440,item-001440,1,released
reservation-001441,item-001441,2,released
reservation-001442,item-001442,3,released
reservation-001443,item-001443,1,released
reservation-001444,item-001444,3,released
reservation-001445,item-001445,2,released
reservation-001446,item-001446,3,released
reservation-001447,item-001447,2,released
reservation-001448,item-001448,2,released
reservation-001449,item-001449,2,released
reservation-001450,item-001450,1,released
reservation-001451,item-001451,1,released
reservation-001452,item-001452,2,released
reservation-001453,item-001453,2,released
reservation-001454,item-001454,1,active
reservation-001455,item-001455,3,active
reservation-001456,item-001456,1,released
reservation-001457,item-001457,3,released
reservation-001458,item-001458,2,released
reservation-001459,item-001459,1,released
reservation-001460,item-001460,1,released
reservation-001461,item-001461,3,released
reservation-001462,item-001462,3,released
reservation-001463,item-001463,2,released
reservation-001464,item-001464,3,released
reservation-001465,item-001465,2,released
reservation-001466,item-001466,1,released
reservation-001467,item-001467,2,released
reservation-001468,item-001468,1,active
reservation-001469,item-001469,1,released
reservation-001470,item-001470,2,released
reservation-001471,item-001471,1,released
reservation-001472,item-001472,2,released
reservation-001473,item-001473,3,released
reservation-001474,item-001474,1,released
reservation-001475,item-001475,2,active
reservation-001476,item-001476,2,released
reservation-001477,item-001477,2,released
reservation-001478,item-001478,3,active
reservation-001479,item-001479,2,active
reservation-001480,item-001480,1,active
reservation-001481,item-001481,3,released
reservation-001482,item-001482,3,released
reservation-001483,item-001483,2,released
reservation-001484,item-001484,1,released
reservation-001485,item-001485,3,released
reservation-001486,item-001486,1,released
reservation-001487,item-001487,1,released
reservation-001488,item-001488,1,released
reservation-001489,item-001489,3,released
reservation-001490,item-001490,2,released
reservation-001491,item-001491,1,released
reservation-001492,item-001492,3,active
reservation-001493,item-001493,3,released
reservation-001494,item-001494,3,released
reservation-001495,item-001495,3,released
reservation-001496,item-001496,2,released
reservation-001497,item-001497,2,released
reservation-001498,item-001498,1,released
reservation-001499,item-001499,3,released
reservation-001500,item-001500,3,released
reservation-001501,item-001501,1,released
reservation-001502,item-001502,2,active
reservation-001503,item-001503,3,active
reservation-001504,item-001504,1,active
reservation-001505,item-001505,2,active
reservation-001506,item-001506,1,released
reservation-001507,item-001507,2,released
reservation-001508,item-001508,3,released
reservation-001509,item-001509,1,released
reservation-001510,item-001510,1,released
reservation-001511,item-001511,2,released
reservation-001512,item-001512,3,released
reservation-001513,item-001513,1,released
reservation-001514,item-001514,1,released
reservation-001515,item-001515,1,active
reservation-001516,item-001516,2,active
reservation-001517,item-001517,2,released
reservation-001518,item-001518,3,released
reservation-001519,item-001519,1,released
reservation-001520,item-001520,3,released
reservation-001521,item-001521,3,released
reservation-001522,item-001522,1,released
reservation-001523,item-001523,1,released
reservation-001524,item-001524,1,released
reservation-001525,item-001525,3,active
reservation-001526,item-001526,2,active
reservation-001527,item-001527,1,released
reservation-001528,item-001528,2,released
reservation-001529,item-001529,1,active
reservation-001530,item-001530,1,released
reservation-001531,item-001531,3,released
reservation-001532,item-001532,3,released
reservation-001533,item-001533,3,released
reservation-001534,item-001534,3,released
reservation-001535,item-001535,2,released
reservation-001536,item-001536,1,released
reservation-001537,item-001537,3,released
reservation-001538,item-001538,2,released
reservation-001539,item-001539,3,released
reservation-001540,item-001540,2,released
reservation-001541,item-001541,2,released
reservation-001542,item-001542,1,released
reservation-001543,item-001543,2,released
reservation-001544,item-001544,1,released
reservation-001545,item-001545,3,active
reservation-001546,item-001546,1,active
reservation-001547,item-001547,1,active
reservation-001548,item-001548,3,released
reservation-001549,item-001549,3,released
reservation-001550,item-001550,1,released
reservation-001551,item-001551,1,released
reservation-001552,item-001552,2,released
reservation-001553,item-001553,2,released
reservation-001554,item-001554,3,released
reservation-001555,item-001555,2,released
reservation-001556,item-001556,3,released
reservation-001557,item-001557,3,released
reservation-001558,item-001558,2,released
reservation-001559,item-001559,3,released
reservation-001560,item-001560,1,released
reservation-001561,item-001561,1,released
reservation-001562,item-001562,2,released
reservation-001563,item-001563,3,released
reservation-001564,item-001564,1,released
reservation-001565,item-001565,1,released
reservation-001566,item-001566,2,active
reservation-001567,item-001567,1,released
reservation-001568,item-001568,2,active
reservation-001569,item-001569,2,released
reservation-001570,item-001570,1,released
reservation-001571,item-001571,3,released
reservation-001572,item-001572,1,released
reservation-001573,item-001573,2,released
reservation-001574,item-001574,2,released
reservation-001575,item-001575,3,released
reservation-001576,item-001576,1,released
reservation-001577,item-001577,2,released
reservation-001578,item-001578,2,released
reservation-001579,item-001579,3,released
reservation-001580,item-001580,1,released
reservation-001581,item-001581,1,released
reservation-001582,item-001582,3,released
reservation-001583,item-001583,2,released
reservation-001584,item-001584,3,released
reservation-001585,item-001585,1,active
reservation-001586,item-001586,2,released
reservation-001587,item-001587,2,released
reservation-001588,item-001588,2,released
reservation-001589,item-001589,2,released
reservation-001590,item-001590,3,released
reservation-001591,item-001591,3,released
reservation-001592,item-001592,2,released
reservation-001593,item-001593,2,active
reservation-001594,item-001594,1,released
reservation-001595,item-001595,2,released
reservation-001596,item-001596,1,released
reservation-001597,item-001597,1,released
reservation-001598,item-001598,3,released
reservation-001599,item-001599,1,active
reservation-001600,item-001600,3,released
reservation-001601,item-001601,2,active
reservation-001602,item-001602,3,active
reservation-001603,item-001603,3,active
reservation-001604,item-001604,2,active
reservation-001605,item-001605,1,active
reservation-001606,item-001606,2,released
reservation-001607,item-001607,1,released
reservation-001608,item-001608,3,released
reservation-001609,item-001609,3,released
reservation-001610,item-001610,2,released
reservation-001611,item-001611,2,released
reservation-001612,item-001612,2,released
reservation-001613,item-001613,1,active
reservation-001614,item-001614,3,released
reservation-001615,item-001615,1,active
reservation-001616,item-001616,1,active
reservation-001617,item-001617,3,released
reservation-001618,item-001618,2,released
reservation-001619,item-001619,3,released
reservation-001620,item-001620,2,released
reservation-001621,item-001621,3,released
reservation-001622,item-001622,3,released
reservation-001623,item-001623,3,released
reservation-001624,item-001624,2,released
reservation-001625,item-001625,1,released
reservation-001626,item-001626,3,released
reservation-001627,item-001627,1,released
reservation-001628,item-001628,2,released
reservation-001629,item-001629,3,active
reservation-001630,item-001630,1,released
reservation-001631,item-001631,2,released
reservation-001632,item-001632,3,released
reservation-001633,item-001633,2,released
reservation-001634,item-001634,2,released
reservation-001635,item-001635,2,released
reservation-001636,item-001636,3,released
reservation-001637,item-001637,2,released
reservation-001638,item-001638,2,active
reservation-001639,item-001639,2,released
reservation-001640,item-001640,1,released
reservation-001641,item-001641,1,released
reservation-001642,item-001642,2,released
reservation-001643,item-001643,1,released
reservation-001644,item-001644,3,released
reservation-001645,item-001645,2,released
reservation-001646,item-001646,3,released
reservation-001647,item-001647,2,released
reservation-001648,item-001648,2,released
reservation-001649,item-001649,1,active
reservation-001650,item-001650,2,active
reservation-001651,item-001651,1,active
reservation-001652,item-001652,1,released
reservation-001653,item-001653,2,active
reservation-001654,item-001654,1,released
reservation-001655,item-001655,3,released
reservation-001656,item-001656,1,released
reservation-001657,item-001657,3,released
reservation-001658,item-001658,1,released
reservation-001659,item-001659,1,active
reservation-001660,item-001660,3,active
reservation-001661,item-001661,3,released
reservation-001662,item-001662,3,released
reservation-001663,item-001663,1,released
reservation-001664,item-001664,2,active
reservation-001665,item-001665,2,active
reservation-001666,item-001666,3,released
reservation-001667,item-001667,1,released
reservation-001668,item-001668,2,released
reservation-001669,item-001669,1,released
reservation-001670,item-001670,3,released
reservation-001671,item-001671,1,released
reservation-001672,item-001672,2,released
reservation-001673,item-001673,3,released
reservation-001674,item-001674,2,released
reservation-001675,item-001675,1,released
reservation-001676,item-001676,1,released
reservation-001677,item-001677,2,released
reservation-001678,item-001678,2,released
reservation-001679,item-001679,2,released
reservation-001680,item-001680,3,released
reservation-001681,item-001681,1,released
reservation-001682,item-001682,3,released
reservation-001683,item-001683,2,released
reservation-001684,item-001684,3,released
reservation-001685,item-001685,1,released
reservation-001686,item-001686,3,released
reservation-001687,item-001687,1,released
reservation-001688,item-001688,3,active
reservation-001689,item-001689,3,active
reservation-001690,item-001690,3,active
reservation-001691,item-001691,1,released
reservation-001692,item-001692,1,released
reservation-001693,item-001693,2,released
reservation-001694,item-001694,2,released
reservation-001695,item-001695,2,released
reservation-001696,item-001696,3,released
reservation-001697,item-001697,1,released
reservation-001698,item-001698,2,active
reservation-001699,item-001699,2,released
reservation-001700,item-001700,2,released
reservation-001701,item-001701,2,released
reservation-001702,item-001702,3,released
reservation-001703,item-001703,1,released
reservation-001704,item-001704,3,released
reservation-001705,item-001705,2,active
reservation-001706,item-001706,2,released
reservation-001707,item-001707,2,active
reservation-001708,item-001708,1,active
reservation-001709,item-001709,3,released
reservation-001710,item-001710,3,active
reservation-001711,item-001711,1,active
reservation-001712,item-001712,2,released
reservation-001713,item-001713,2,released
reservation-001714,item-001714,1,released
reservation-001715,item-001715,1,released
reservation-001716,item-001716,3,released
reservation-001717,item-001717,3,active
reservation-001718,item-001718,2,released
reservation-001719,item-001719,2,released
reservation-001720,item-001720,1,released
reservation-001721,item-001721,3,released
reservation-001722,item-001722,1,released
reservation-001723,item-001723,2,released
reservation-001724,item-001724,2,released
reservation-001725,item-001725,1,released
reservation-001726,item-001726,3,released
reservation-001727,item-001727,1,released
reservation-001728,item-001728,2,released
reservation-001729,item-001729,2,released
reservation-001730,item-001730,2,released
reservation-001731,item-001731,3,active
reservation-001732,item-001732,3,released
reservation-001733,item-001733,1,released
reservation-001734,item-001734,2,released
reservation-001735,item-001735,2,released
reservation-001736,item-001736,2,released
reservation-001737,item-001737,3,released
reservation-001738,item-001738,1,released
reservation-001739,item-001739,3,released
reservation-001740,item-001740,1,released
reservation-001741,item-001741,1,released
reservation-001742,item-001742,2,released
reservation-001743,item-001743,1,released
reservation-001744,item-001744,1,released
reservation-001745,item-001745,3,released
reservation-001746,item-001746,2,active
reservation-001747,item-001747,2,active
reservation-001748,item-001748,3,released
reservation-001749,item-001749,1,released
reservation-001750,item-001750,3,released
reservation-001751,item-001751,3,released
reservation-001752,item-001752,1,released
reservation-001753,item-001753,2,released
reservation-001754,item-001754,3,released
reservation-001755,item-001755,3,released
reservation-001756,item-001756,2,released
reservation-001757,item-001757,1,released
reservation-001758,item-001758,2,released
reservation-001759,item-001759,1,released
reservation-001760,item-001760,3,released
reservation-001761,item-001761,1,released
reservation-001762,item-001762,3,released
reservation-001763,item-001763,2,released
reservation-001764,item-001764,1,released
reservation-001765,item-001765,2,released
reservation-001766,item-001766,1,released
reservation-001767,item-001767,2,released
reservation-001768,item-001768,3,released
reservation-001769,item-001769,1,released
reservation-001770,item-001770,1,released
reservation-001771,item-001771,2,released
reservation-001772,item-001772,2,released
reservation-001773,item-001773,2,released
reservation-001774,item-001774,1,released
reservation-001775,item-001775,2,released
reservation-001776,item-001776,2,released
reservation-001777,item-001777,1,released
reservation-001778,item-001778,3,released
reservation-001779,item-001779,2,released
reservation-001780,item-001780,3,released
reservation-001781,item-001781,3,released
reservation-001782,item-001782,2,released
reservation-001783,item-001783,2,released
reservation-001784,item-001784,2,released
reservation-001785,item-001785,1,released
reservation-001786,item-001786,2,released
reservation-001787,item-001787,1,released
reservation-001788,item-001788,2,released
reservation-001789,item-001789,3,released
reservation-001790,item-001790,3,released
reservation-001791,item-001791,1,released
reservation-001792,item-001792,3,released
reservation-001793,item-001793,3,released
reservation-001794,item-001794,1,released
reservation-001795,item-001795,1,released
reservation-001796,item-001796,2,released
reservation-001797,item-001797,2,released
reservation-001798,item-001798,2,released
reservation-001799,item-001799,1,released
reservation-001800,item-001800,3,released
reservation-001801,item-001801,1,active
reservation-001802,item-001802,2,active
reservation-001803,item-001803,3,released
reservation-001804,item-001804,1,released
reservation-001805,item-001805,2,active
